distance_cm,temperature_c,humidity_percent,rate_change_cm,risk
313.67182020405164,39.01428612819832,80.25966679962728,-2.040245474088902,WARNING
276.5231688752142,23.119890406724053,43.19459866925097,5.9852843732480565,CRITICAL
352.1895519963455,34.161451555920905,41.13214718626914,9.09729556485983,NORMAL
391.51524893607166,24.246782213565524,50.000373196390534,-14.497864704396985,WARNING
301.7211813031214,30.495128632644757,63.75697602531636,-11.263125794058743,WARNING
354.0149921028045,22.789877213040835,56.067955669437,-9.00914470118925,WARNING
327.5318973168961,35.70351922786027,50.982058018709786,-4.572966847591651,WARNING
350.71047670654724,20.929008254399953,73.41496685457912,-14.884276289381255,WARNING
261.0587708074975,38.977710745066666,93.10976181910077,4.251920443493834,CRITICAL
301.784340759473,21.95344228012768,77.63281645816863,-6.795425187811961,WARNING
270.7464999236124,29.903538202225405,41.89136866133701,7.279612062363462,CRITICAL
293.9925968720029,33.25044568707964,57.1441091849176,-4.397959364665676,WARNING
342.94074748835754,23.69708911051054,93.32715452705072,3.253984700833435,NORMAL
409.71482006591214,37.89654700855297,72.88449883460967,7.656227050693506,NORMAL
265.04372534882634,23.919657248382904,42.487500890079595,-10.240090077102069,CRITICAL
316.07513924721195,25.426980635477918,85.5805630033561,-9.297400199192321,WARNING
297.7588666468547,30.853921663164968,47.75083237361194,4.065909422621189,WARNING
262.67360942556104,39.73773873201034,82.47346231131615,-14.038529553974827,CRITICAL
250.9387599110124,36.30922856909668,78.87715391161893,1.8702150412296206,CRITICAL
381.1159589366108,21.480893034681806,59.715615069935,-16.52392821424611,CRITICAL
396.7275823988509,32.46596253655116,58.1993913668957,-18.09324949141929,CRITICAL
302.86699469166257,26.503666440534943,80.12833980859352,-0.8732758593436074,WARNING
400.8261662379755,29.444298503238986,46.57768352660659,1.3973436166898487,NORMAL
379.33345826487255,31.225543951389923,82.40319489750085,-5.186132109068279,NORMAL
338.864580994939,28.550820367170992,41.39805197092524,-16.763257190200868,CRITICAL
255.34296156674483,32.72820822527561,57.28957895919797,-4.742879265058917,CRITICAL
404.2863005674358,24.9858445829775,62.57106076695963,2.666534156291462,NORMAL
288.89568813357585,21.53959819657586,55.93632991025724,-15.163361382379868,CRITICAL
408.0486008982374,36.16240759128834,74.83720660807329,6.14381770563153,NORMAL
386.62425307284946,23.731401177720716,89.09074491694878,-3.81973274253048,NORMAL
387.26482637789064,37.92182599846986,57.49019112345251,-16.698442264169696,CRITICAL
288.7489776321301,28.542155772525128,84.99081212573712,5.821917497690304,WARNING
251.1818621903024,30.214946051551316,62.95760517318284,-13.336765685878092,CRITICAL
270.3771124467261,26.75230342807256,91.86003371518856,-10.303912039377343,CRITICAL
338.19440569637226,34.060379177903556,59.99962813086117,9.153462481628821,NORMAL
413.61604014015893,25.035645916507285,67.3486678240812,-10.97365070549691,WARNING
298.4228840441695,20.737738947090655,73.52603836889432,-4.919629303134155,WARNING
258.7513877124982,25.57292928473223,89.95462372816596,-12.813143279990827,CRITICAL
274.63212825550795,29.78905520555126,94.21077497608303,-12.738341854654987,CRITICAL
364.26304305899936,35.232392306574354,53.07006491958198,1.8464904583557882,NORMAL
312.5231325622731,32.64611661187159,74.84413409184921,-3.926759477757244,WARNING
265.34926090924944,36.70604991178476,57.642903573445466,-14.404444688004373,CRITICAL
256.9317740643099,31.817858863764837,77.26603990132554,-19.502365132164314,CRITICAL
337.05581991087774,24.529915503958758,75.48450347251975,-14.769007129850257,WARNING
367.4594154774192,27.734706926010748,91.5201493805204,-15.874371675620203,CRITICAL
307.98127967854396,22.269470424811782,90.85814900532095,6.320180601429431,WARNING
293.85007671157643,33.199680920683576,84.94722101106687,-3.3439756520161303,WARNING
340.0405983205211,24.837045818009035,45.120652229324456,6.916472738599804,NORMAL
403.07106971776614,32.66202914546536,58.64663850767854,-9.523712761620173,WARNING
373.41246540794066,37.94220519905154,88.78975333458145,3.3962663757287146,NORMAL
359.14537984622893,21.682799299900978,48.88957927520376,6.956625655812378,NORMAL
353.09294014213026,20.183941032332594,45.58093485763177,-0.09494692675832539,NORMAL
250.8604692538572,23.216161028349973,70.18035841516223,0.756855930780798,CRITICAL
360.8334141154421,24.485386189211198,79.16985717411447,-12.882527375095998,WARNING
305.3179486870755,34.92982810236048,75.7298094475968,5.476702314825339,WARNING
361.79419169105836,31.36617206670943,45.152112230545086,-8.968525908216995,WARNING
295.0844025058933,24.87979286758167,93.51558051138451,-8.207068259997188,WARNING
401.6479143801092,32.62277251994526,83.71462169479067,-4.920887206844236,NORMAL
348.07366038648104,29.850353876377277,50.738364328892445,1.6735634578451588,NORMAL
297.7313016149455,20.486319328629076,75.50097627489423,-14.686679617788531,WARNING
409.8779593399954,39.07857154005175,90.31754146212467,-8.895238992336669,WARNING
252.62762480990747,38.566371251754504,63.55012815745229,8.999644571310085,CRITICAL
413.815396105173,37.060189109347206,56.19468906382721,-8.447068141942243,WARNING
394.6932341578657,26.338440103125553,49.32210106773509,-3.2959621262494956,NORMAL
409.1463116073328,33.920595933499456,71.35336435491507,-17.084705186876946,CRITICAL
354.5512285388588,39.801077002085265,47.70462083800882,-4.450110429087898,NORMAL
399.15342222775246,34.81537235508409,78.33586575473973,1.0745225196132786,NORMAL
311.11349570735837,25.871836885289866,84.51486355131826,4.303401840375422,WARNING
397.4022941586176,38.26481105112943,68.12383193735158,-4.954511159384012,NORMAL
385.7101804243518,32.999278615555305,78.60817824917368,3.8737800830830302,NORMAL
401.3009081089863,26.759903137030715,60.65706239519692,-17.18054180477393,CRITICAL
348.3076239693496,20.71884547593484,65.60789099728531,-3.720660958772701,NORMAL
298.7120128618084,31.816665211380215,41.67751374664772,-18.87955433752357,CRITICAL
389.8420953121419,27.20381282822526,46.98832819585366,-4.332702198355868,NORMAL
380.89890402676383,24.316420549936865,74.25897617004502,-17.43957605018696,CRITICAL
258.7858925986633,30.62709263136296,69.73493168855586,-0.8771029550538039,CRITICAL
373.43552673285245,39.517041589250695,68.39651915656574,-10.31130581176262,WARNING
385.18165311067963,25.416645025241486,64.14342813880998,-17.64630855973202,CRITICAL
254.30962638062778,39.2529682935585,85.97890662817133,0.8792261828109389,CRITICAL
319.5220005504259,23.465886401416917,48.604037346909735,-12.49271305506214,WARNING
343.3685330000405,34.29191845400125,76.31085571947523,-11.601983091621715,WARNING
412.327097712743,34.75793833391537,70.48947288812704,-1.6483776129694334,NORMAL
321.3320106127243,24.95461979002315,59.578497325819384,2.7353833139310737,WARNING
252.4468930670585,22.321452810138325,42.5301453111964,-18.778135930430896,CRITICAL
395.4282992818712,34.07315718760047,66.07956059980289,-17.064975180469958,CRITICAL
333.57469876986147,29.469435415611315,49.526102845050836,-6.98445052286081,NORMAL
317.7458048475535,32.317001961044326,74.93015079772042,-18.640879706838664,CRITICAL
313.6841444865001,32.51719831428473,67.67249422190483,5.694695235649668,WARNING
361.97791737522067,23.258688541628594,43.88128110702364,-0.7274216538105307,NORMAL
254.5069227920757,31.715511625469265,91.71266327837267,-2.7357746637236318,CRITICAL
315.98888745510874,32.86576436884707,65.20390897703342,-3.6314963205219506,WARNING
410.0490174920093,27.722052756015486,92.86548101031528,7.160519258681912,NORMAL
283.2844929141804,21.38722601750331,45.54279007575847,-19.453345230453507,CRITICAL
266.0553033285078,33.66013546832714,43.915375665312595,-10.43073109118716,CRITICAL
393.6288028648073,20.465438714716516,84.79576654239148,-11.544356756798003,WARNING
270.08802069568156,33.934743307283014,74.59185657289362,6.32416040581159,CRITICAL
374.9620774466606,36.06961860769697,55.51190149142185,-14.676813686608316,WARNING
377.6045077789459,36.136694785345284,94.47778281003704,-7.621469692657206,WARNING
313.2430745847731,35.528259214839935,58.74419471391598,7.922719768106941,WARNING
395.930167813312,28.579880547500366,81.29790872853235,2.6362862225404697,NORMAL
267.53105770210857,38.05105813359133,67.78888048463214,4.793723983232248,CRITICAL
304.408432175204,37.91046456992401,61.40609233037897,-19.674870455591048,CRITICAL
403.91493599127483,21.82573353572267,57.56225006747282,8.501859011524147,NORMAL
411.6032149793846,31.46875776246572,74.75104666933896,-6.546634340650407,NORMAL
299.84583118867096,26.57329090739832,76.98851508423712,2.5712358831303987,WARNING
384.56843743339425,35.79236285589108,45.01633566767797,-5.1673908589225555,NORMAL
259.78498920282954,30.990577646474712,64.28417757553574,6.631125482748992,CRITICAL
309.65555213385335,22.341340328552118,47.86454251290597,2.845318951524167,WARNING
355.09707076376435,22.022453522455805,44.625874336324856,1.0290739437736,NORMAL
262.3697110819129,36.437201185807126,78.84332249360729,-17.559536580743007,CRITICAL
264.42241139448265,39.73279157002351,60.58489376658662,-8.880735587993273,CRITICAL
388.17592643377543,38.94497154767717,94.23005851025789,2.601345557768248,NORMAL
313.96412954025567,21.670014333973377,82.74308037600903,-3.247872507925848,WARNING
322.11774157198596,38.12708770189472,46.11586152683832,-5.221246871274225,WARNING
251.93011961046125,29.373212839882527,43.09668016250105,-16.435462511957844,CRITICAL
269.97946195210784,32.984206042321276,81.03246835959828,-2.49893704708521,CRITICAL
413.5693332406721,27.49741159047408,55.714164745502345,6.057973845683808,NORMAL
288.0112925483069,39.264450788812226,40.6684961079399,9.096364801229171,WARNING
257.3371850315979,37.82286227396142,69.0235609997465,9.788943883579009,CRITICAL
262.5454160050178,31.077085688026415,93.31163945905044,-4.3070646748955355,CRITICAL
356.9977684829946,33.914973779692346,64.99975856222753,-1.1732575974780985,NORMAL
349.333433026927,38.02316020981978,42.49955091878018,-11.571104312233091,WARNING
411.569952293015,37.80527567781833,65.06112140321422,-1.3960220659538969,NORMAL
297.15480110679255,23.762423194475225,65.50341227169902,-9.399433159218415,WARNING
349.2215390146483,21.554692739299696,93.59171442163915,9.586322334388086,NORMAL
368.6874913833567,30.72192732688241,57.02401889574803,4.413850591208462,NORMAL
366.4042993341595,23.252338786897827,90.10099514716134,4.676117287695071,NORMAL
411.4659852596271,34.5143901677672,73.73783577646844,-7.452708911281434,WARNING
408.5638421701823,37.32127779000817,42.48702685584042,-19.20899076508244,CRITICAL
313.9987723692684,36.21106661563665,94.30018711232194,-15.487493266894155,CRITICAL
351.002221609863,27.61781713262043,93.34529187980317,5.263567694071259,NORMAL
392.51587980089346,29.373863195899403,62.815072628571585,-11.797787842078813,WARNING
259.5838344306576,37.29444752510106,84.70955550215427,9.991530198583916,CRITICAL
419.4282623025639,31.10863411205255,82.29430783492808,8.34297189647284,NORMAL
394.4400564151599,24.94696203486395,64.77992744205514,-16.12521754545515,CRITICAL
412.1886746339828,32.1234926890176,52.57535430269045,0.15102053217570344,NORMAL
355.0818008778423,27.163254360656808,46.2456675709796,0.14719586778398863,NORMAL
338.4523091536449,35.44636783471279,68.60899256115964,5.565445009556203,NORMAL
343.82416259166257,31.218759430707728,88.21594814620897,-7.895514013628089,WARNING
272.7825888366089,20.57565352626678,81.53254906204904,-1.3907134593960606,CRITICAL
369.693560576868,24.259283230178212,47.50043115727234,-19.563660029963543,CRITICAL
309.5998849971215,31.79835373709266,61.57342248048528,-6.875752339288129,WARNING
403.70697806393724,26.965109340466007,68.26942190378959,3.5095903822342933,NORMAL
317.41227299461593,32.44173400455747,87.43000398107098,8.485618709729263,WARNING
275.00249175793647,38.53175250322989,67.0663961193746,-12.25266835103125,CRITICAL
328.05307856050445,39.60065150570954,67.09399516960784,-10.137451691374753,WARNING
357.6781452338434,24.802912375563864,44.17248304597651,-16.133608342680525,CRITICAL
271.76779262282133,23.038053870245886,47.63549449571756,-0.7737576559035624,CRITICAL
280.91961434785463,26.913345666477262,89.32336254483064,-5.781150792113829,WARNING
363.4848155485746,23.446397424032597,50.57589603447689,-18.773941512005635,CRITICAL
278.718960722268,25.57180678063917,49.73557663522108,-17.338923987288332,CRITICAL
270.50809808710216,29.215575360654515,51.348354512318586,-9.071904168557737,CRITICAL
335.58093604532564,33.80789657258731,42.16216769126044,3.9823119672712792,NORMAL
356.7430662134543,21.635180638977438,88.04682432587275,7.6261720159543955,NORMAL
260.38325317532684,25.537552962944076,84.34107038861838,2.44779071150975,CRITICAL
281.36857329058415,24.186986466734204,60.37596565352601,-5.46431044426936,WARNING
355.1033111601503,27.378272791395446,65.43940938732314,2.4241281440126947,NORMAL
256.23614449140166,25.048738886880415,79.23422722365038,6.8562051306159795,CRITICAL
336.9851651596632,30.642269705306312,45.894460623687685,-6.577628995296362,NORMAL
340.54493529735396,24.849410072694592,54.80837770221595,-8.68147510686132,WARNING
253.4121036222135,26.441583311663564,51.62964038480995,-10.17507943466256,CRITICAL
270.3595624092727,37.8105456147979,72.64758494547267,0.37306957433468924,CRITICAL
384.1591105632475,29.968843978581145,44.7806158448083,-3.886803745443565,NORMAL
349.76299006354947,34.908789483686604,63.74127504263237,-16.17259091613309,CRITICAL
298.24190398578315,27.2616459279727,75.52544827323807,-2.876650859932642,WARNING
310.53644340263384,39.730304975859596,73.3176150646288,-12.883196247920166,WARNING
267.3030203454686,23.057182783686642,53.527675061147946,-15.179558802213329,CRITICAL
281.716394088722,25.70190337387694,49.535547741211516,6.9029627387927555,WARNING
263.6397367624792,30.490227791405093,62.571825484431386,9.471358507258191,CRITICAL
269.0466133685689,27.95711198091483,93.32087383014529,5.965213776819407,CRITICAL
388.90225206137757,25.158056540898798,49.39881730645362,0.05929659773293139,NORMAL
407.99391815168957,31.135257860278596,71.43869792084449,-11.600627190191474,WARNING
380.8137986426293,23.74087497115047,57.802358002233404,-7.236906841507496,WARNING
336.29376437635733,24.848194648301604,46.3160253606562,-1.6813987267510235,NORMAL
299.06719405084345,31.624764428452245,48.489949340081125,-5.565796944355476,WARNING
340.5402035337696,21.03647073644854,58.51323530066563,-15.967559691830772,CRITICAL
260.7737449803705,39.7992046477989,57.72946147360976,4.296233375639044,CRITICAL
293.2889113098399,33.63005444447859,81.81253229393276,-2.130837781764672,WARNING
330.1679520535269,28.23681828294537,59.18775465986474,7.885874327434774,NORMAL
391.20529932391395,39.300538213330256,46.83634729170496,1.9260242561093293,NORMAL
409.51787765957647,23.6246613233132,43.65729470517276,2.2336194787017725,NORMAL
347.660429240585,36.83657553516544,47.687480714445925,3.8580193557967064,NORMAL
284.27664440811657,23.27311885731409,49.03461888620461,4.437241606941463,WARNING
363.083527518354,30.461308495382386,59.73567662679264,6.316016224393248,NORMAL
316.715668261848,36.33198878943154,64.15241997136201,-8.691667117252774,WARNING
328.6555635638331,26.02755748328284,81.11851590969381,-4.918388297225626,WARNING
289.4761581749589,37.991491465491364,61.11401717552663,-3.693414166580343,WARNING
404.10025886397295,32.48475991827984,46.42939223896003,8.194963708404252,NORMAL
356.71036902214104,26.698112293141723,47.6599639964863,3.8207556781088776,NORMAL
355.4123685078473,30.66922183952643,89.16409206780267,3.657916336735923,NORMAL
275.7847295545677,26.234441355910967,53.66690268979562,2.31838877718031,CRITICAL
255.7005139050825,31.39779369742633,81.93522771573798,6.302969102852483,CRITICAL
308.15389728170425,36.42514609344026,46.084745532536395,5.393568752035545,WARNING
271.673072596437,27.945745811207345,83.85124511787545,-15.502477179536786,CRITICAL
288.97273718954904,34.445051367861325,79.6020095100341,-0.7655710134410825,WARNING
367.971235559407,30.854488866951925,53.848948239882404,-9.629120194882416,WARNING
280.87161185624234,38.169011226672566,72.08654871213662,-7.974457497090803,WARNING
328.5409866195026,38.94566679223631,48.43432717138441,-2.4131050394960845,WARNING
336.00107541035925,32.22908470869296,40.996060110146225,6.163717268324543,NORMAL
408.4601080222141,31.30266367178418,78.31579531322907,7.67498143531887,NORMAL
370.23056783327775,23.050780858285226,71.69585980917472,-1.7985486085143236,NORMAL
322.1022141214056,34.728884712494455,91.39018581229581,7.767055387203289,WARNING
326.64269313870244,22.264760916815106,94.1662659429284,5.166942593378025,WARNING
271.1926558045554,38.416837652347446,87.84429991341705,-4.434858286217837,CRITICAL
350.516824076638,27.980054077402606,43.01189013521172,-9.944082750622972,WARNING
386.48508626166193,20.092640460092056,58.342454443012926,-8.0549391922717,WARNING
341.3572524994469,38.39711232825521,59.04902969012787,-9.59140394311317,WARNING
375.3752121786572,29.044358817796144,52.35326526169901,-6.426814516019197,NORMAL
273.945693464566,23.527739730124466,67.41022750067138,-7.432236514863563,CRITICAL
405.523803181577,27.24787798233266,71.93235926529239,-1.03207136241409,NORMAL
252.22605762001672,33.27074744033421,49.79197817783633,8.832109524083656,CRITICAL
275.2726637180292,28.292482474540474,44.694231744325414,9.906227555378422,CRITICAL
335.37315175631124,31.907700346400876,43.68920625636351,2.498814111975335,NORMAL
285.6839508262496,37.96108578881427,51.282680226510394,-14.279368380090002,WARNING
256.2134435341761,29.441338902199984,71.0662623294439,-18.02874081714943,CRITICAL
381.8396948381518,29.065776694960554,68.8414648130169,-6.777117591853155,NORMAL
318.12972034880545,31.19280662616436,48.53821352618919,-14.542156085141865,WARNING
396.50355557229796,38.922309242672654,60.53201239538642,-11.877659805693387,WARNING
359.4799223506327,28.17468342196193,41.39624956131897,-15.31542207901429,CRITICAL
371.7152789040576,33.17847883820303,41.49027958769159,-13.340835142011517,WARNING
289.28271541997213,33.437854871974565,41.084079576490026,-16.876742540462786,CRITICAL
385.9857345134422,23.570893241086672,75.9010359318531,-12.854516568598203,WARNING
266.90503676908867,24.86344381998908,79.72468125206126,5.6708940431885715,CRITICAL
391.13737697638857,27.943670592369095,76.74468251138555,-13.850471137525371,WARNING
299.83511414437226,37.9267163704224,40.71510579309048,-17.43474407436596,CRITICAL
285.34066337482466,20.530644077476396,49.97894892993885,-2.508753170909234,WARNING
321.6421736007246,37.8534342215395,84.95939589561425,-9.74547944906372,WARNING
294.1019836833197,27.59384816334534,72.46622183831442,-11.958090775313712,WARNING
356.1053143343528,28.18823304382481,70.3625949468589,-6.916204125940499,NORMAL
300.059179122126,38.96906613924313,81.99831867878684,-15.796604727006423,CRITICAL
397.63955590264516,29.748623964990273,89.20037247917503,3.9956576784194553,NORMAL
322.2862957597697,20.44938616640235,54.777254766172035,-3.7509735601739926,WARNING
357.69129737044506,25.157753708664046,47.664584074005326,5.047907103978975,NORMAL
417.34837071960385,30.513803646053717,49.44236072165669,-11.830780204418932,WARNING
253.12641501306933,38.28597613120998,46.476309558957766,-2.7045057345723933,CRITICAL
296.589387516825,31.083560050315867,75.82812135935254,4.892254111216047,WARNING
285.09161619930256,20.21991657316961,47.528709653784404,7.000559255443154,WARNING
398.56131318562757,31.948262043406167,73.02842732385093,-0.0488997636123365,NORMAL
279.81311736598644,38.2882389184992,63.03237886906402,-8.505844152515076,CRITICAL
338.21600989808235,20.9393193355011,49.14558528158437,2.141008492791112,NORMAL
264.0757735472715,32.06304218932776,53.49420103247265,-8.321131578740705,CRITICAL
299.07793525101897,27.113454329298982,79.5475247851335,-11.086348531304749,WARNING
346.28878885047254,29.521008043981993,76.50191409494565,8.104892179742741,NORMAL
374.5372565257426,24.298807571815136,41.715072428370654,-12.132078671005248,WARNING
351.16324821904334,21.028516269685007,67.300143596068,-2.094714532493324,NORMAL
306.8214614388833,35.41824407491644,45.86290392235745,-17.745866547925736,CRITICAL
373.7920885546126,29.90982632412397,77.86213180352547,-6.955179841887613,NORMAL
291.88834565064815,36.38204635348399,83.96787334329386,0.8408941256328042,WARNING
296.2646733290937,31.804613337381742,59.85356433170148,-17.252537800200976,CRITICAL
405.9433078285813,22.736372618379228,92.26305446014413,-6.619826811261328,NORMAL
281.4725979025653,30.838018947567164,88.01202097320245,1.9667465922868352,WARNING
387.11539513644647,33.175667334214346,78.07521104848189,5.475869546959579,NORMAL
292.4435615060616,29.788499272862808,52.16651930007812,9.630040239899412,WARNING
410.49008774672427,20.788536227370116,78.80663448836287,7.757449522469976,NORMAL
280.6978086716467,31.358904611052587,90.3518563673423,-18.981620642426034,CRITICAL
368.5614454319628,25.946980147451015,90.84179074570918,9.131747354961032,NORMAL
410.5253031492838,29.484284333149276,87.41234580441224,5.336481956052111,NORMAL
304.24708045135344,36.57830948301355,42.03541990935209,-2.1119036455384084,WARNING
289.10150233890954,22.411337715545578,44.232426089606506,0.8886632763441931,WARNING
307.7787438405712,34.49533543057523,43.59459874394183,-10.54128986508169,WARNING
341.7135197038073,35.81446329677927,57.53138766126385,-1.2232587068897267,NORMAL
400.6162172001518,32.31726376364609,52.812771111449855,-19.26797655330386,CRITICAL
397.91680856315804,20.425388217007743,88.10859199763097,-4.1318859791836395,NORMAL
409.64150874719235,35.97566471547331,94.88637607933356,-9.478645536448695,WARNING
380.4220091182916,28.03861827218484,66.39315911671498,-1.1748361034488966,NORMAL
398.5251094116776,39.681669383985906,82.25503776254851,-7.466996534979987,WARNING
321.63069038710194,34.75164603177783,53.13274301725663,-16.68577660605816,CRITICAL
310.285766798932,25.744779833081637,56.29694662507946,-12.991767468502701,WARNING
257.15584223818155,20.357478694668277,94.32473143548174,-7.16680598792413,CRITICAL
315.33553001714586,33.5929456538614,52.00396383257853,8.498835518506759,WARNING
383.6786524506439,21.78822004624519,62.96694266817106,6.373549226864942,NORMAL
410.60444378953974,29.348030224997395,73.73762640658893,-14.988981617237744,WARNING
418.49866644328597,24.63343402766887,91.8502475774319,-0.5106005302289454,NORMAL
353.31525512940607,30.25377022033017,52.68683964447673,-14.704159039834753,WARNING
287.48265554192983,23.72876524288509,82.87714604617143,-9.496242224998097,WARNING
259.83325501577735,39.38205260281623,88.60822367298842,7.832568495856389,CRITICAL
419.134329849894,23.477904984389745,61.79331103964623,2.7471542711227386,NORMAL
368.3235050691447,23.0779181267971,84.87082187448398,-13.266782844900181,WARNING
288.0489945198459,30.73948845786827,72.61169641629368,-2.5974137648656637,WARNING
265.55276235761835,37.549217252607605,54.60800234237883,-16.114552361515877,CRITICAL
401.08717357772616,39.11302996459507,87.4170189495998,4.285482241746344,NORMAL
361.39113670863367,31.017147412182787,44.78427179512756,-7.746403607879039,WARNING
313.35704789209336,25.195075675206525,79.78810625287217,-5.123727947636876,WARNING
263.7778567043001,24.403664038996226,77.57923200127777,-17.716074215290995,CRITICAL
394.7051753882907,29.902930540279485,66.43226175296564,-2.2277664602144718,NORMAL
390.1957642072754,26.95618415804386,77.29088839074849,-3.0280410801262683,NORMAL
295.39480592880165,37.57259972710316,83.85843118838105,-0.24644496024723495,WARNING
394.5988939460211,37.34588401919605,78.95996371932691,5.110399850910163,NORMAL
368.5701484837782,33.60281543520601,74.02362580183514,2.5814991867292356,NORMAL
276.9628678998225,37.617415183978565,87.95139402598775,-19.122581508963226,CRITICAL
390.38884759600967,22.577397349468903,58.4315369842528,2.3052476887482314,NORMAL
277.32918232821237,36.35934048238124,85.76737978767581,-4.775967987174914,CRITICAL
251.08559819186172,25.740762663498256,73.93098051066582,9.435585340822705,CRITICAL
357.4082995928336,25.196071621283195,74.87031367047862,-3.8004386085243347,NORMAL
382.5737171756944,22.139612776539167,81.85653463761153,-3.762002639716691,NORMAL
413.70864065602905,26.837443320773723,74.79420412236715,7.960843165300524,NORMAL
267.42665375841545,38.74456974472902,77.83371472654474,-17.96488822684484,CRITICAL
301.16380638095876,34.16344177290563,43.704283080782446,-2.5348861947118024,WARNING
308.8001196820027,32.41831035534954,42.515811859688206,6.146104184571289,WARNING
415.49312476015746,39.377557105713834,81.23085074586086,-16.09741279608104,CRITICAL
378.9047433079338,20.49173832917603,41.21679533409485,-10.291693425513763,WARNING
333.0693423687932,35.40814835615586,77.58124571335779,-6.62291880869755,NORMAL
296.5165332678832,39.94249000315422,63.43997162297851,-6.458389270109736,WARNING
277.81604960258375,35.89619097499859,78.15252241798188,-13.376911616337189,CRITICAL
264.00477775469324,33.60998604149426,75.99811678546243,-11.80221419005372,CRITICAL
411.64680558256975,23.021157835618006,63.778414057343106,8.308477605027967,NORMAL
321.3536438774408,32.77051895328171,61.86769188795368,-11.7735439295399,WARNING
417.2762001531708,28.18668012630086,89.1754562023524,-13.101361823267414,WARNING
286.22779968426414,20.622681657690226,75.84167539567368,-8.944209688287167,WARNING
396.9409024727383,29.464198133831143,93.25063853530969,-14.434234528906366,WARNING
397.66593855245384,35.53193705583483,82.40070145542286,5.343496843506628,NORMAL
379.3740784603098,32.52440643262831,47.21846827253132,-19.024214615262444,CRITICAL
406.54413412866677,32.33300629041476,83.8095510036897,-5.554329454623497,NORMAL
269.9423921236071,22.50371584405101,77.70609079759342,-7.090823153016119,CRITICAL
284.0892035390572,29.83189093482874,43.531491539132375,-2.540857942568035,WARNING
295.7288787539666,35.951182012743764,57.06990774079656,-6.3433955275459635,WARNING
251.9754917843771,21.448937755891176,61.58714560236767,-5.601834958486295,CRITICAL
352.0034931802816,25.833251574186065,78.22400373695984,5.803671915676137,NORMAL
382.57466811186947,20.792376506967145,66.4278820991806,-16.852094647454756,CRITICAL
291.1476526966297,39.73325186534293,47.837254859583226,-5.033355396459317,WARNING
355.08647483408026,34.04929941088208,70.78067759178028,-19.70687457742449,CRITICAL
305.4984224014786,30.35423286769423,44.83265745296583,-9.481192063724578,WARNING
255.64452849453232,21.571569943100414,61.83078019108778,-16.01852737870819,CRITICAL
346.48194420446487,33.78929938274531,84.03226845099957,-13.995492672655697,WARNING
278.4720389840419,22.091356806688005,75.00366372490001,1.1942717946070331,CRITICAL
255.36964462035914,38.7242449248738,42.85842060083098,-3.7611099409678843,CRITICAL
370.5402883066558,37.41938247492171,79.27478126728353,4.051842492093755,NORMAL
307.706532732277,36.29650227493025,44.40631655115713,6.8444996818158295,WARNING
343.09070394613514,36.345955399249874,64.87750564850651,-0.6926691441042507,NORMAL
339.4884523591393,34.63179043510664,44.489649011682424,-18.189437480283086,CRITICAL
292.0075497817249,23.190893602263767,87.94809616257109,-13.42358037925867,WARNING
415.8970934892523,26.737915835422136,50.01648536287846,3.690955214274375,NORMAL
361.98032183514897,29.96391432906278,70.54499530156971,1.576053348167914,NORMAL
288.8373060263208,39.92667832113484,93.61362391807307,-0.490229409591894,WARNING
283.92221665795466,33.60456484862583,43.97091249385467,-19.080424933825817,CRITICAL
293.8060910469063,29.252459134786328,87.75498779746093,1.81507209298924,WARNING
376.26010860399674,28.50986668896151,59.02642459008296,-8.86883711046192,WARNING
417.9004258351298,20.80218382824965,87.68673228673467,-2.639737742828199,NORMAL
324.5646212622304,34.50515320830273,66.76679177835865,6.202697142449818,WARNING
403.11931688191396,28.434418537469107,55.22552884792783,-2.2294901421991327,NORMAL
405.10176875483745,24.21324378011333,74.26316209599156,-1.0531933972243834,NORMAL
374.6292138105978,22.631353702545198,79.37037305751487,7.2709756199692315,NORMAL
280.54612850794115,24.750866498477553,93.42673017229018,-14.570691418715306,WARNING
395.24546587282845,29.845557128960696,53.59770909217474,6.122497038175343,NORMAL
325.70189335045313,30.296347078593804,59.75783531698711,-2.2114744569521783,WARNING
277.7990583394539,27.821630733035214,93.31767772844081,-12.255997018966173,CRITICAL
361.6452329720197,26.503801284493896,82.54102191276303,-16.073790178449507,CRITICAL
414.86957766335263,29.075790827672783,52.982775484055516,-17.795097580099622,CRITICAL
278.8588438648819,30.395478971120355,58.53517470372074,4.866500976478285,CRITICAL
323.250879022507,24.9742854517526,73.94297426322166,1.2033165065633753,WARNING
278.39712434316147,23.35238432576635,42.01692848134486,2.092060451969214,CRITICAL
362.8467696957069,29.492617514996276,86.42937469330585,4.170104588501594,NORMAL
349.51024194744787,37.36542561026518,51.32126655202225,-16.642411418068164,CRITICAL
295.85743395788825,21.141737121786296,69.21432404005677,8.098170768848846,WARNING
256.68840191364666,22.442198280200536,64.87094655558894,8.016250525837147,CRITICAL
303.7465378460476,30.144696173767848,42.28650724777157,-15.549703971137333,CRITICAL
417.727120903004,39.30237392872091,40.27169895139253,8.55435356269717,NORMAL
358.6503894286351,37.35836589040044,65.01069205986225,-4.532119142622493,NORMAL
333.1039186436764,33.337285150922085,47.68081901159721,-19.100792303819663,CRITICAL
302.34809007050245,34.09361525473294,51.10193986676216,0.20297299974751937,WARNING
414.885047838236,21.878014315788366,76.99311650238195,-6.687493420862866,NORMAL
397.5841832441759,23.542995788947717,78.09442737243904,5.143458689443307,NORMAL
410.58441731058394,33.66496056579292,67.3446120204635,-1.4645827939635865,NORMAL
397.71384736138214,31.412194932776593,41.67128828332603,7.928460865209335,NORMAL
367.2195476753654,33.53026771554493,51.86213338187444,-0.23343589302028533,NORMAL
316.95694896120693,33.024659540829845,45.86261666693949,-0.26464086190891933,WARNING
419.9003333810133,20.96424077721112,93.74458013217244,-7.7927611783138815,WARNING
398.02808655733406,35.647709681165466,71.18589435426674,2.153476277539795,NORMAL
399.3476454212291,28.082806433020657,57.986823885978126,0.02780156690754154,NORMAL
387.33381013001394,35.245702695532316,83.8797506872249,-6.932500555612011,NORMAL
389.0318167497537,22.404181107412168,69.94690038784672,-19.827240185056354,CRITICAL
305.1795910830459,27.32923069742796,61.789498038509045,0.8640162006958647,WARNING
316.05487721595875,28.973872452450614,53.064927198088014,-8.802446251119797,WARNING
288.63583663473577,21.46391847536887,73.18967263597578,0.046383956650487335,WARNING
355.31335882163444,29.26988087601145,60.888217909857644,5.900009487154758,NORMAL
338.24390347315705,29.58363755259462,41.410313619353964,-9.762565171215309,WARNING
314.6332551935957,27.976455617938008,71.90948030750327,-3.9919235981936474,WARNING
353.34386577488556,35.29766523084257,84.71421562938514,1.5436922867948333,NORMAL
412.4390283123389,20.364651653527233,50.767789212595034,-19.773113750655735,CRITICAL
360.0707014062825,37.96061097899974,53.39152631169646,7.811036343889199,NORMAL
260.2454563492253,38.68872053611028,59.3392477981799,-16.957375146523503,CRITICAL
332.59819906167536,25.13553135441016,55.66800960790576,-10.781301052211402,WARNING
386.5144026315528,30.78322553350509,57.1219234535802,-1.6899865006724504,NORMAL
371.7456146179429,25.452480014670677,62.74520058389433,-16.343417199891572,CRITICAL
280.7953894208957,33.622357079299654,49.979109123259484,-4.2450984899881945,WARNING
370.5378644928136,22.137538461894877,71.2021720795897,-12.303116488959088,WARNING
413.6975687903886,29.670912934398494,84.3295902376337,-3.4932037353121466,NORMAL
257.38013058531925,32.66302751188044,92.32718382136613,-1.9516453956100648,CRITICAL
389.2621061025543,37.68412926696816,52.544387457191284,-13.638654802753202,WARNING
353.8667681046686,28.220569396134096,86.19237165766961,7.000693701940335,NORMAL
310.08163448146206,24.73741117948964,82.9289033384124,-11.755818933555917,WARNING
389.84443414732533,28.474765072975256,76.71524446103088,-17.133940584959955,CRITICAL
356.05608519501743,29.035353574744583,72.26346547465107,-14.959573767654097,WARNING
375.26853664051094,37.25594155086457,51.92068900499266,-17.12856333439515,CRITICAL
254.01855962787718,32.83943000886532,73.39017198488294,-3.599077618577901,CRITICAL
289.43100633971585,27.81811991811029,72.69619843523952,-5.096994234224919,WARNING
417.92353843653086,22.72879505113466,78.23295047261766,-7.870436956871236,WARNING
322.7939345373545,34.35195531316353,78.08398832284033,9.73767981106565,WARNING
271.8270292072013,22.082192987683328,79.83863494208077,-2.6483924898077262,CRITICAL
296.607313315167,21.588387379779732,44.71120372780368,6.825726239923547,WARNING
282.6174452021863,26.467431242310415,52.466102122484344,-9.350110825041881,WARNING
261.80205326683586,30.38119581816541,43.71869099757182,4.010695234670848,CRITICAL
289.7310539247736,30.800238292090214,88.40434981588021,-0.4736789285841745,WARNING
340.602823713727,26.486675062307512,58.315105218200884,0.08460865594570421,NORMAL
419.00369140759847,33.236783796987574,70.67808795535137,1.9195153071773845,NORMAL
329.08495408823205,21.202846852015703,70.92632487328504,8.728758535161408,WARNING
279.80150020080214,33.80009781641331,51.0513528762481,-3.9251694658075635,CRITICAL
266.4349964399423,29.007418725163703,81.58898308923852,-9.572854272830538,CRITICAL
363.03499316282705,35.90899921579458,90.99478007136989,-12.960737544336393,WARNING
317.8837056875824,23.04832026660835,94.58659261871064,7.81002903772886,WARNING
341.7927121476951,36.840665887528424,68.65268874996232,-1.2924293599172074,NORMAL
265.1511534597228,35.10540840993616,47.024241599937916,4.782028907575853,CRITICAL
382.9447749039656,34.17489395485953,41.98882092886192,-10.906149321640141,WARNING
294.7291368848433,27.20272814943038,44.82035107201112,8.108734690931882,WARNING
344.14638092110397,26.11048621316047,61.833983439085586,-6.58392378485493,NORMAL
352.10103667130494,30.313588553929954,90.56655852679296,-5.091095512825092,NORMAL
418.66686251996316,37.028499154901915,51.46807828965347,7.9178564393174895,NORMAL
269.7822876405309,36.34899416982383,60.934281141211905,6.339229613352085,CRITICAL
397.5696373182666,36.11850800235243,83.45167399688837,-10.859625827058776,WARNING
263.7562781187129,28.05960357530323,49.54384832425798,0.8485326670738509,CRITICAL
308.83695351142353,39.5122040171983,75.25346425399326,4.674416909030828,WARNING
272.5291943661142,37.24028964545245,90.7516454782367,-5.388142435431924,CRITICAL
353.06299941766616,35.29619601805991,49.616124499322694,-4.9230177060967275,NORMAL
317.77271472129326,22.92747984324498,60.21439322603423,-17.954830718435193,CRITICAL
254.3880241814128,22.703325783096457,92.97133113740456,-3.514113923149491,CRITICAL
414.1897673960474,28.649957566602637,57.14988731968928,-4.815744114792677,NORMAL
324.7169870675947,22.11329368523488,75.24544730796134,-13.518854524712012,WARNING
355.329952332631,33.00402184796307,48.361366922075646,-18.159511186679957,CRITICAL
382.72946963163474,29.196008475386403,43.19900875280117,9.845989515093013,NORMAL
259.8226953693823,33.90070457717106,94.10234088948775,-12.824596873522232,CRITICAL
274.1823926768233,22.427698788448577,56.68013311621776,-16.9686256696806,CRITICAL
367.66742808800245,21.245835962601255,68.01821704823843,9.900905615589302,NORMAL
388.3749458160232,32.304388764620214,56.84394914326364,-1.2831249112508445,NORMAL
339.59704886498076,28.52166767780743,47.18907072071097,6.598126457214001,NORMAL
326.46339029962485,23.8924502364153,60.22676429825093,-7.576107424132189,WARNING
390.68144224636865,34.67228761122804,82.31176915027369,-19.669062067140583,CRITICAL
320.7461796905595,29.626883032706473,41.055575225268115,-12.205603737648973,WARNING
379.2492699307629,22.74219411457998,69.44205722989254,-13.543943839482875,WARNING
252.06053168946187,24.82402915199083,93.67305652005297,4.046113356489688,CRITICAL
413.1280295345757,29.757080878527248,46.03549092726269,-3.56121533078921,NORMAL
327.24414687519334,36.887141654792316,45.394541943133454,-5.352765889346655,WARNING
275.5082729979773,26.4935185378012,80.55463925632898,-5.7194561189370035,CRITICAL
313.9010084747808,27.889525571400707,65.26957226232926,3.550496315111708,WARNING
401.6543971198398,39.10669373007856,83.27968624404123,-10.537793127559619,WARNING
366.98290003471215,28.75206248110784,54.00688421253281,5.226147382777679,NORMAL
256.5324793235952,38.03523984270847,65.38126055436038,-0.8839556957515882,CRITICAL
362.09016677498306,37.90235481413073,75.01683251919641,-1.5819924571981474,NORMAL
261.3308468953173,30.36816043890408,48.25929504493729,2.123013061644567,CRITICAL
337.07772653815465,33.604555584167066,42.292009533131136,-17.456239518625903,CRITICAL
371.774975970656,21.441686719973468,43.91912002708922,-19.636745742953376,CRITICAL
412.60523771091164,34.75016718918014,59.42882746761353,-11.103932561370343,WARNING
309.4495490567944,35.49307062362364,76.3753836088728,-14.444132963975962,WARNING
279.59858700679433,21.967912994267948,76.3166495835736,2.93117986665208,CRITICAL
295.0578928152507,20.418899220618258,44.519441711203505,9.035801045350915,WARNING
300.22561217116146,35.384462956762675,74.35649628698451,-8.541810810413123,WARNING
284.96683457324434,22.42772836318813,73.82571324213767,3.239013419133638,WARNING
359.46372310199223,30.606042664983164,42.307317288739995,9.054663327831513,NORMAL
385.78141258127766,25.856440734019294,93.89836811473678,-1.9435523109103379,NORMAL
349.01185189523187,34.96146358859065,84.64733834495757,-0.3056417800549198,NORMAL
271.776276882254,26.765350119889966,91.04460021793273,-13.261531644684442,CRITICAL
313.2683940523773,28.64153765888392,64.16727443319488,-1.6118125251642361,WARNING
410.3228924166003,24.8138542366501,46.682575696550494,-14.075885304201881,WARNING
400.7772330355758,32.916216253104125,55.724873408153805,4.478408169058518,NORMAL
396.4328993817841,36.93028677380556,90.5409593501755,-12.432769394799152,WARNING
378.3571278868673,29.2107899454828,86.30992040895339,1.8547203148483966,NORMAL
381.9960659049532,33.12323675362143,49.75858232083388,-3.6491924330918515,NORMAL
417.39385571916637,38.74776132994238,42.374555468835645,-15.055555528116887,CRITICAL
272.39389148727554,34.51959819970591,84.97819314213197,-13.594659010679843,CRITICAL
335.9949578018109,36.814060560224,80.30408496214378,-3.73288383524455,NORMAL
350.3591073779914,30.1672109383256,56.365164822535135,-3.0493402142295167,NORMAL
367.1105013485154,37.46645831721615,74.99602446885865,2.8336461112947404,NORMAL
277.21217794227744,29.231149488395797,40.51323909049013,-12.59963406435131,CRITICAL
373.49849156921084,39.83619902698727,45.45479547729688,-7.955170524161353,WARNING
386.0120646788571,24.080712692577976,70.52967221162575,1.992138880890245,NORMAL
354.71752654423045,23.760494692308324,59.546151277715666,3.5137535345619177,NORMAL
344.2185074024428,20.104592270858255,81.85449180154515,-18.940659351792828,CRITICAL
376.77474306430946,24.04961120330475,92.6940414065659,-8.961777460937466,WARNING
305.57837477747347,22.977761006648894,56.80823185196182,6.299522854846018,WARNING
419.376837396632,27.366190610136968,64.67358470249984,1.662128146082111,NORMAL
400.65328267906267,31.860886683735682,61.533913399780616,-7.621344774541289,WARNING
368.25508490445714,20.064365272085574,74.07741356029123,-9.335209686759278,WARNING
385.0135463171043,21.85981279646264,72.35112468216147,-5.570813303416287,NORMAL
359.1953394038886,21.297071889659367,71.89910830854723,-3.155462361214287,NORMAL
345.31221605074904,32.06975333192909,77.20573654744993,4.149669990423092,NORMAL
295.86952242179643,36.50098820360124,67.40406252448994,-17.688251625970064,CRITICAL
259.95365797147645,26.684766373921214,83.16933374113071,1.230428042227473,CRITICAL
384.06454399430913,30.345381128832187,64.21094488755199,-15.57642419881148,CRITICAL
305.79276811358295,28.680387323477504,44.873023632378946,-13.381641418663662,WARNING
351.6982999908356,34.713262284783795,94.90911312661223,7.99339994030673,NORMAL
359.23608392098254,28.42496106588144,74.9897550589528,3.5695485424069595,NORMAL
270.1171524569759,28.198097793925765,86.18912570995894,-8.48501144200868,CRITICAL
347.2182861086217,31.755387217243964,50.146193922350164,-9.132936750431348,WARNING
306.86691908612846,20.523934170641297,41.33054701402454,4.950911310273202,WARNING
296.4220376953781,30.36157532477631,56.429906547382515,8.220377353460215,WARNING
294.0804490071815,28.593136254778702,88.0001637766531,5.258007003754258,WARNING
281.63724103386716,36.052866195914206,65.20027877058409,-5.510933837439344,WARNING
272.69159531071045,21.612030275142494,80.03666188355709,-5.106165429341008,CRITICAL
324.2646194445805,34.590164573047936,82.10320944451104,-15.232754969919393,CRITICAL
353.738275411199,22.70708164555371,81.3256297315975,-0.2913453119858147,NORMAL
412.6244855841878,21.379160327128425,43.13800966331899,-11.534387759203996,WARNING
294.489966235104,24.939575981439997,89.84400192865701,-12.513614004514817,WARNING
296.23145344186725,35.187965248359276,64.7356913347797,3.3013167086554347,WARNING
261.1122467859455,29.751423873467687,41.84874801008054,-18.120403896339365,CRITICAL
404.0943670685499,22.784907422351903,69.28313752513694,-7.667131921978804,WARNING
309.04836546400327,37.99666691374545,41.200286822651925,-0.08630941473232667,WARNING
413.7770538163036,31.20336366923684,91.52523541182005,-18.43226362141929,CRITICAL
321.1948642426074,25.203155819241022,80.19515307394013,9.4389127149174,WARNING
293.6101106155221,33.08349202948149,50.895369801785705,-3.040092362851702,WARNING
328.86852273701714,39.44010659263074,73.46899999830566,-9.514808837395437,WARNING
269.3962834309487,23.024936574698692,52.39243114731793,-12.47100015979106,CRITICAL
394.6047298329934,31.224455765650497,68.78650012559015,-16.556933843923474,CRITICAL
396.22374786940395,34.456286064169674,43.72175990450009,1.2350529168930606,NORMAL
342.4014969482498,21.634506914935564,65.2065352840761,-5.459111386098591,NORMAL
278.1816718277569,38.913962940005646,86.74864543143642,0.0706701198732489,CRITICAL
328.5902453701032,28.23531083169017,75.80354069330248,-3.6370439177928375,WARNING
260.58642799992055,30.250052975406632,84.35219894780617,-6.222803672091258,CRITICAL
258.8326181842256,35.72556398768066,51.075008017478595,-12.241374953358836,CRITICAL
278.0000800834903,26.60430129742995,81.62133281287493,-4.418424214881879,CRITICAL
284.82981660562115,37.556601563040815,88.3770020223341,6.117352751380206,WARNING
290.5953559348617,29.02478688361976,94.17443108774813,3.1603742892997104,WARNING
254.61846160834517,21.30409182520984,65.5162257246783,7.276606175846805,CRITICAL
341.5793056519614,29.956250160685805,45.80105349761468,-0.29659685827117954,NORMAL
389.7575373020384,27.608400150151247,82.65865180089301,8.934299617024347,NORMAL
284.64029805170713,30.466592623894826,55.79258769465166,3.7856325710151815,WARNING
348.1908721997968,32.69164835100607,83.88527877887418,-8.120885820126354,WARNING
405.56531162919737,30.6605773449228,48.68751525594414,0.8769735450640752,NORMAL
384.85442957450323,26.335233541350533,87.14485913493141,7.184297642972993,NORMAL
297.07376285422754,39.67042945430444,47.73913404268171,-13.939529947925301,WARNING
281.3182226704644,37.879794200157406,75.9860903778729,-15.436871503331814,CRITICAL
324.85498112261934,32.305960501396044,44.59052467441608,6.47249105222016,WARNING
386.61260102506094,30.104135471532764,93.19196383925437,-7.467170621747009,WARNING
417.2987542362046,33.35839997607254,74.90692002896678,-15.02135314112645,CRITICAL
399.9277189117895,28.549793758412303,48.922837318036365,-19.62177440072723,CRITICAL
345.15846621852506,30.547992442453527,79.56444923030372,6.707741590534063,NORMAL
263.499119389315,34.62992980680725,50.30765692536702,5.74531159471492,CRITICAL
389.24079735648155,30.815875099710887,79.06335392428213,-10.569496604487549,WARNING
330.0985428185785,36.43273795420943,65.25958584452677,-9.266052040236746,WARNING
334.016116032551,36.56498504874437,58.436442605398,-14.787152205927686,WARNING
371.04238345623276,36.51956425416164,45.535061318794334,-12.803776617321658,WARNING
274.135238259369,26.95882823164333,64.7693038397977,2.4647901088991944,CRITICAL
360.6950894298846,32.41857134956862,59.38062206353099,5.2434265925427965,NORMAL
330.118818457688,39.58209876030309,74.87781760626552,-16.21205775306492,CRITICAL
364.95018555282377,26.50208030863398,77.74799581773536,-17.910765555127828,CRITICAL
279.72984431991307,37.114745178115726,52.494875636293315,5.1112337572882005,CRITICAL
297.47693503724975,32.857638201174154,78.1782815430407,-4.620357405648413,WARNING
301.9028150384443,24.252887527421922,41.82541450093344,-10.881607962778286,WARNING
361.0376743903181,38.766096368969656,87.91624652446785,2.981943296059079,NORMAL
384.0360483530608,33.299698069519906,54.31577716613016,7.215850921174894,NORMAL
364.0244930239918,31.2088126196088,46.10442080674146,-6.588333685807237,NORMAL
328.2609061043275,37.2912721904534,70.06565211032836,-8.58798353088771,WARNING
416.0560558468121,22.214411866526312,63.240163557156954,-18.73925974485784,CRITICAL
375.78370053037816,38.361531043983014,55.40205312527692,5.750250303973626,NORMAL
299.6770991785226,38.2154032328783,81.46790469782312,4.14720330524316,WARNING
253.06111445207728,39.256207141480516,79.96690456386779,-10.857467138416,CRITICAL
390.997093026004,25.6304239682986,88.00146117613704,-16.62258828764189,CRITICAL
369.62661616833526,30.813969532898206,45.30939586074925,-12.74318515223483,WARNING
252.1086861671435,29.37535930929012,56.569589341800025,-2.0492754710672365,CRITICAL
300.5304273104649,25.998382230139693,80.87562593023819,-18.555714920649397,CRITICAL
403.49214918263783,37.045277487823626,76.72925757745236,-2.2033528967784726,NORMAL
401.6914246837409,23.70660359057429,44.34330392049557,-12.814694902713857,WARNING
385.07830737903237,20.693405334529665,72.05437592959193,9.8631254857393,NORMAL
395.4683359523817,30.428913780871788,43.50025001076533,4.941205431571294,NORMAL
351.82634639012576,22.298659941191335,45.16215066528459,7.288804583097772,NORMAL
363.76404469947335,36.58573598633511,88.3438395155247,-2.8468294385503334,NORMAL
337.96587979835704,28.608548206419805,57.43206232851156,-6.962121174238646,NORMAL
381.5595414741266,32.03846862030263,89.08878094751654,-6.698599568624369,NORMAL
353.2052283821882,32.62615106183978,72.54334392684791,1.0790131925654904,NORMAL
290.36368962371705,30.247275550915813,45.73236415445912,-8.464660170655623,WARNING
332.903401665615,33.04448519090945,92.2792078922412,-1.9804680035493227,NORMAL
376.4109657500152,30.125321189904056,74.87572172569821,-17.872033515986796,CRITICAL
293.246568743114,27.237061864102774,65.98713452535824,-18.630537634928487,CRITICAL
273.804096584064,25.536286155826115,93.43429799955778,-10.059589786908477,CRITICAL
331.946979879054,23.921954254767858,73.59290390916726,-11.579503534520772,WARNING
285.18873833453256,30.33145256891958,40.30281895382315,-19.77007902052324,CRITICAL
287.2416975473158,20.734427250016424,45.94141647718803,-9.834180519837453,WARNING
386.4395655285682,31.440972867386016,68.1967249276029,-11.195335303756352,WARNING
408.3981323035788,27.940300824743833,44.79010217376743,-1.4880045164659634,NORMAL
269.35252689102225,26.90446285603384,67.90765662947949,6.226675740555272,CRITICAL
333.9029186578202,34.045175320633284,94.60492614494888,-16.05532640306055,CRITICAL
296.70435933831834,27.891521511952927,63.200549819635725,-7.669367742033627,WARNING
404.29387043461435,34.28065288933713,73.43478677498871,-10.718818464116538,WARNING
390.0443653176201,39.101210229699774,85.16590554026246,-19.953046844255812,CRITICAL
358.1882329311792,21.022707628842014,54.168397118354704,-18.21425898956685,CRITICAL
352.64522700139594,33.731798269852135,46.29682009362478,-8.484833508650615,WARNING
327.5602065224422,27.38106043521833,46.656375026685616,-7.431566294375738,WARNING
377.70026812743106,21.42015329066511,44.40990077450469,-9.356861244920474,WARNING
410.0933709752172,33.37145293445828,77.32684761699107,-9.142400274864052,WARNING
350.92233450545154,20.20262368055487,74.98528255252482,7.398608427287101,NORMAL
354.13748961861927,37.4739718693269,79.81851805063516,-16.383247507889294,CRITICAL
403.4170622385931,21.3288768871155,69.36821099012701,-15.73588628619627,CRITICAL
251.9901238242537,28.44068520255278,56.22723892097859,-5.419985186071909,CRITICAL
348.1239807448736,20.874781446178947,46.76518123180601,-3.2407281064872393,NORMAL
308.33845003935187,34.58346975098896,75.87604067255668,5.3681308896972055,WARNING
367.7237805337683,28.598621547802964,77.01316423169378,-11.738564772337444,WARNING
302.07329479229617,35.779703198415866,64.55307340208702,3.951410215550574,WARNING
389.8118035236073,37.15124675322568,90.4149379712664,-7.070443384601113,WARNING
304.2073591145936,31.643974931882276,60.414483289069516,-1.967774995993011,WARNING
369.9495966494502,33.76810036984274,60.60040878610667,-14.994193949037415,WARNING
323.1899875385753,22.851882881638176,88.95533693510946,-9.623676177864278,WARNING
276.25815702796507,20.508955198115018,75.52023124575663,-0.8929304763577015,CRITICAL
307.9027083188196,21.43423777695302,62.529589219237764,-10.663475148098193,WARNING
365.1105087549516,32.11558498905381,60.0526550508647,-13.463223372350297,WARNING
417.9661142464506,29.080032423922297,77.85508296791303,-15.783410972649177,CRITICAL
332.5502489420976,20.55073439738931,67.80003148507475,8.920522213531072,NORMAL
315.31514120758607,20.779920251498233,41.70256850056389,-8.360397201593916,WARNING
277.204239198743,20.467041926563716,81.59174876725973,-6.244309733543279,CRITICAL
299.1716112353513,38.00166366032961,46.38764281102891,8.677564868659577,WARNING
303.37434195415,37.768073446173624,73.16185820637038,4.801220792244624,WARNING
417.28223774577896,25.768108756374914,92.86245169741761,-8.31554315292739,WARNING
315.5370238052768,26.807742085090112,69.77741840411718,-15.375648704645387,CRITICAL
344.1309525108619,30.83409624820008,81.90459969326784,5.009498858127568,NORMAL
324.8750295531121,26.046664987029875,54.263419352440195,-14.161284898853843,WARNING
259.80008897383425,26.848959576694266,54.863623067193075,8.992521575992221,CRITICAL
344.81050046250743,26.945540780610152,71.92571805465329,-15.824098959629135,CRITICAL
325.4874373643745,32.524686428421276,66.88938074858483,-7.946635980370273,WARNING
418.95422611294873,37.60629524297854,74.2873276987692,-2.918679164531518,NORMAL
355.5122815701793,24.026242156448667,61.73257587953752,-18.81621401327302,CRITICAL
330.84282637276056,30.860491679153263,52.52623548567653,8.920865414965412,NORMAL
404.6072838593311,34.44286470911812,69.33626458209494,6.099074789430549,NORMAL
272.2108984499887,35.8101958854977,46.865144768176656,3.826319876482163,CRITICAL
296.8804866027307,37.541811620363774,91.92231516039688,-15.536120917846532,CRITICAL
328.65485286111686,39.6197475632537,66.58740897852306,5.906425675436353,WARNING
350.08435876232437,27.506598158392038,55.718095553922865,-13.903307267417382,WARNING
379.5056925342085,27.73081013646056,68.12015042104132,-5.2302355999645425,NORMAL
348.1374349696323,37.31154291249105,93.94066389708863,-7.7724737427854915,WARNING
390.6782167580715,35.29055589309435,71.54409233005653,8.681414308357994,NORMAL
284.08066763982845,22.185284206192428,86.96790818254823,-6.825505500987552,WARNING
393.9847052152003,37.8618041039083,43.43516764904893,6.503942889581822,NORMAL
326.21423941280176,30.208649780084645,74.46258811012656,7.791478201902603,WARNING
253.24973605305988,29.536869366356342,77.82471233368084,1.681208730946853,CRITICAL
367.73051336130834,22.688702588162435,56.46675736044247,-9.238534237489596,WARNING
386.75432530551586,25.57519744829106,51.58877301269617,8.723440571142884,NORMAL
251.5067584692897,39.95641711363956,77.22517143715676,4.854078983473514,CRITICAL
300.08529737885283,20.2863055533412,80.58282352088415,5.024337910020272,WARNING
375.88094243209827,22.85700574601677,81.4385357241333,3.06768346322923,NORMAL
361.95188766390936,35.32231865591172,86.52567918227527,-1.5918765728762487,NORMAL
265.06280137484544,29.75255619334422,44.27071340693828,-7.773709069027074,CRITICAL
319.2081031513567,21.320196882804833,59.18512936832136,-16.670057036260555,CRITICAL
387.39998570156774,38.95376051928942,43.97740613918663,8.653456218751042,NORMAL
338.83802188724667,25.991313559077476,44.22741414018899,-4.981271957887465,NORMAL
385.0676425634273,34.14172954533396,42.76243063051856,-17.812944938962893,CRITICAL
318.4884580475483,25.905809880958866,52.78113776808263,-11.569865032738592,WARNING
386.5920663604704,38.58456107263708,62.280648199016156,7.1833300639749105,NORMAL
304.6542692121399,29.528739726875834,52.43159487987998,-0.7857187347246821,WARNING
416.4267895797175,32.069861920867574,59.67977462624519,-0.5654766202841479,NORMAL
270.89651533911587,37.77318160530797,67.669617292891,-6.519507738810738,CRITICAL
349.59701403709823,32.49567725578805,43.94766934245822,0.47851663670207145,NORMAL
291.12838565364,34.279052650131796,85.23941369113082,4.118755226575608,WARNING
343.92516445934115,30.40339784621502,47.85817787366764,3.260384512094067,NORMAL
296.13959467594145,29.93390845635893,55.63507511101342,-15.985149110009207,CRITICAL
357.02480847159524,21.086640696458076,81.17548787694099,-10.4723961421665,WARNING
250.02289781076252,30.222582784744596,42.57685496901817,-11.714913265373015,CRITICAL
370.18600286747176,21.25379243243732,86.16361707958012,-19.885402320242505,CRITICAL
291.9600577643234,34.81808112304143,57.39485823511187,-16.943228358019596,CRITICAL
311.23976619607276,25.40786572769051,86.34915461883051,-10.599562472445706,WARNING
384.1185202019212,37.8374428962147,63.85995807670912,7.298294315631761,NORMAL
314.14406917374276,39.28156832980216,44.91092384890651,0.6105779950972838,WARNING
333.9483868776779,27.752976109112943,74.79915333117304,1.1157127490299352,NORMAL
250.74175584055254,23.339061774943975,79.21753278488754,-0.008437592653805837,CRITICAL
414.22807587187515,35.220755805015656,92.29249892522358,1.076215046044208,NORMAL
300.6688754687053,22.10729844501713,83.00031248397146,-0.6755233557225218,WARNING
258.19162210686034,27.201009318019565,92.62398985163574,-4.9879656286939635,CRITICAL
323.5639531233498,29.153992103185878,51.48854982028401,-8.938784874056143,WARNING
312.86825351782005,21.047100403749447,82.21621956848551,-7.50486704288363,WARNING
389.770580758792,37.006960022397905,51.659673008426196,-0.27939553489614255,NORMAL
330.2879067077069,37.603134758429704,51.865737354704976,0.33439600930132585,NORMAL
353.31786078296284,25.906029551436657,47.51304970081449,-0.45080718568170397,NORMAL
375.5615678824962,26.312546875267,75.46579322122726,-8.146072771654902,WARNING
371.245170158045,23.984305497881063,88.96182514498959,-11.377712106032607,WARNING
312.523617918546,21.161839041606996,46.133171677670205,-4.524142918630156,WARNING
295.49075504375514,36.70960451484389,40.80813637602246,-8.627178539841914,WARNING
307.34874295074576,20.38655261835202,46.84026194502806,-7.5907197524409415,WARNING
333.7869793560659,28.085794945097383,69.20157231266516,-2.146049752829555,NORMAL
251.68704959173206,29.28190318907008,92.99245824881736,-4.429031596113539,CRITICAL
365.18218546802206,26.237277158337662,82.56952579840194,3.1876444562834543,NORMAL
338.62032810120365,39.520276465584274,46.905261811945934,-19.49157005331257,CRITICAL
380.9268959987063,36.143110747297655,46.611397601631694,-12.032515011241818,WARNING
252.9839017723269,25.866172215611293,82.52280306552693,-4.461184168622632,CRITICAL
309.17625083860895,27.434785898126606,40.074449414350745,-11.005984173042924,WARNING
359.8979860784482,39.48388887632714,86.58834548411447,-19.292151060634126,CRITICAL
402.7553027947227,35.66396826597252,82.92068679640391,-6.260127229892856,NORMAL
317.6608998022655,26.058314576663854,43.613217242490116,-13.152939095189026,WARNING
291.92261794626415,29.681541394204032,81.10944236281817,-5.785705148061602,WARNING
259.8335564060173,39.15579601976408,91.84983755017618,3.5556862944522507,CRITICAL
418.5257432659175,30.889646656005258,92.95225926392634,-17.731848781497476,CRITICAL
312.1657272044331,24.507625360135314,50.77081962738485,-15.775911533219718,CRITICAL
355.81031906621945,35.6264371149461,71.80641196811983,-15.59111871235371,CRITICAL
387.89104088869004,32.71909414327457,61.349113836984756,0.22390886608188865,NORMAL
294.1838464712816,26.90384416988421,90.46172137225946,-11.284864829857389,WARNING
329.8980055868492,37.80282274792029,78.92467426471401,-18.13390321505892,CRITICAL
275.04151752742496,20.156831815438338,74.70069846260398,-6.56979723768745,CRITICAL
272.82672465338686,39.15868242113541,69.13128481700909,-12.743201176613326,CRITICAL
335.1026070963003,33.59240665470216,44.19315698854604,-11.75888554856324,WARNING
387.1841334502789,29.193297408053226,70.06174281177621,-7.015519933715922,WARNING
257.46299024931085,23.31499559640312,64.504790130804,-13.724436037762166,CRITICAL
258.4964348721454,36.87299328103647,93.96558910402638,3.794286219902183,CRITICAL
395.14343668979336,24.839542606340906,92.83448365322599,-14.092228866397148,WARNING
411.7430677615115,39.89638587931902,79.14475431603267,9.434311953754658,NORMAL
346.8217625264076,25.190835663521806,64.03477371160915,-2.1931719386364215,NORMAL
262.42386554459256,32.446865292344924,93.9647810219262,-14.296770506488171,CRITICAL
384.7411697690252,38.157975875592385,91.90358760511214,8.804068132163415,NORMAL
338.64813858265023,39.54615815983007,81.65206139239413,-15.149856912891142,CRITICAL
331.07301809955493,34.36662350744008,53.60371737004958,-0.781544493533378,NORMAL
363.32208143792525,23.25399487617132,71.0796921849016,3.148807329358231,NORMAL
334.81226297111016,20.24206233552215,40.49711579936107,-9.289119680899635,WARNING
407.4529916334029,24.573535592072176,74.89000288794279,-13.337723879200382,WARNING
304.6838982421233,36.96084179202968,80.08737932484708,-17.138021680603682,CRITICAL
322.8793435676937,20.58339527290529,66.44895806316549,-0.1269796489679571,WARNING
270.14544601168575,25.777698778183314,61.88101440261863,7.585930739681494,CRITICAL
418.8533526219039,20.89822597991232,81.85543579224657,-8.848278007929704,WARNING
316.71789165901157,35.085299466940455,90.51345376799748,8.527857835076453,WARNING
348.1108396265145,27.142423186010056,83.31519972223286,-12.469958502130993,WARNING
345.892584901698,27.17156923049746,76.11470905393318,-12.788032613194794,WARNING
282.5708007749204,38.36478173350874,45.59920256222453,-4.821262767952049,WARNING
287.5449731037115,20.77859926651335,41.98103500602845,-14.743346836825179,WARNING
397.35096026602,25.649574879540534,92.27525438164126,-2.551331210324193,NORMAL
324.2244122606902,31.60177669338909,68.41841118744472,2.763287612719754,WARNING
298.0243312153849,27.061007832006048,89.17518663932879,8.393695394512164,WARNING
401.73489867270064,28.38895987914627,82.9201026653785,-5.709928000967036,NORMAL
334.58177486483737,24.093602181145677,72.51216667921841,-14.41592306739956,WARNING
306.36599884142294,37.10060403239871,51.389169506597035,-17.865251444797018,CRITICAL
261.73129074417875,38.81569041006216,67.88062408790091,-7.717637845489451,CRITICAL
387.84935877134615,36.716518558210325,58.27050682135825,0.8085417242138568,NORMAL
381.09087869482073,33.09301373731909,48.33772911400547,6.276492505511712,NORMAL
341.64607396512145,25.649448527400075,63.38755019907316,-18.87286728803278,CRITICAL
271.737356207811,35.310935010317216,40.000639911545136,-7.503025145531234,CRITICAL
338.82673078455,21.092688400019448,93.5192989634783,-13.216240062509842,WARNING
301.71378233816773,26.078850245100547,52.67291641645424,-19.955785337410656,CRITICAL
373.9886149949594,39.33690999598571,52.33614158067748,-0.10858424589732607,NORMAL
376.1223755829816,36.9685075818105,63.2446058357485,-10.912072830787123,WARNING
305.3001727839153,34.252426661970254,84.92287065780998,-14.55158096730192,WARNING
313.0599713868201,38.038803934983,84.36814358321067,9.545752082874273,WARNING
378.2222041459537,27.863904020558444,72.48508086970509,-0.16957237258039015,NORMAL
263.33748877391105,30.889939182077303,79.01264556599352,-14.980360879968188,CRITICAL
382.7073919623447,31.675455610282235,92.37219821336771,-18.72733105379325,CRITICAL
295.1054433844294,32.031077585996485,56.31079517132619,1.4327249221372647,WARNING
379.0308980287283,22.05031928132949,68.26199553137222,-4.733283332268323,NORMAL
312.777730936642,38.65849725139344,85.51284759302717,0.9162814572891023,WARNING
371.4355280749496,29.234322876262382,90.65469866031168,0.8378628175985625,NORMAL
373.9267804814888,37.2338180757469,55.0739374138205,4.2121271160010885,NORMAL
283.19090250260365,26.906839044897758,58.45857498484135,9.355764051674218,WARNING
395.6113280371476,34.02339723180519,79.98812188884645,-3.1378161679228675,NORMAL
411.00541340844825,29.92517505764723,60.9284740428442,-15.10893989205227,CRITICAL
383.6549608843799,34.68887864151183,61.13952711882742,-19.24419758122312,CRITICAL
392.6295457120618,20.228359669081474,78.7034878795978,9.10771329178171,NORMAL
324.4024257851946,24.699468099919056,78.767905552386,4.513844260467554,WARNING
342.89315373323404,39.340705505122926,42.84177969118786,-4.856132050864156,NORMAL
372.1371710448335,37.252809422983574,49.859058654928454,4.000104452910442,NORMAL
343.9602028721527,27.931073639799266,47.244326571850145,5.958872767267373,NORMAL
276.7364453905516,26.195757184181986,55.952504257934024,6.142421025725628,CRITICAL
364.3595090155127,35.933627943827446,53.775734433587445,-1.2537770117900315,NORMAL
347.1968171344373,36.65660753576542,89.83478832646932,-19.635296855678394,CRITICAL
364.58338623999475,21.03671598239458,70.18722657925457,-11.371018128689654,WARNING
302.15202191876404,27.05917006904713,74.17108469772856,-9.978501029936924,WARNING
374.55883860034766,28.09054771147739,43.75942601704772,3.512795274523217,NORMAL
298.57891518076,28.65533759198525,77.69941357720458,-10.02631528553864,WARNING
259.61956154494163,27.47842094025627,91.94467204818669,-0.7479680810432541,CRITICAL
364.1514552734252,32.6456430727528,50.94456764276902,-7.449984076931596,WARNING
377.6597657217641,22.027457951063184,55.281902684934174,-11.710426746024392,WARNING
323.443217691066,39.6073748188437,43.71264006761021,-4.4389701685821485,WARNING
280.4919959420758,39.413530908194886,46.23169276001053,-7.891969929152262,WARNING
375.44044742188305,34.091088560548904,63.250075029166275,-9.604274961418453,WARNING
317.594104353988,25.285525263172786,51.29331162887399,-5.5088090732333015,WARNING
295.65073853149323,25.749233297945004,76.12158349110064,9.056119950996766,WARNING
352.6183240950938,21.539589341299326,44.157098761973685,8.542696625366979,NORMAL
300.5394343522467,21.841339721649508,72.94745229327098,-1.2905366512920153,WARNING
360.245819420177,25.348040557150824,40.83108763179613,8.950461083634156,NORMAL
292.65181776748744,33.52052576105095,78.86464284332902,-1.6997774876154281,WARNING
303.1942570163202,25.421925075281315,72.87175554864868,5.982869008350747,WARNING
410.94473391697727,22.11811608807515,48.51557369287459,8.34208776349239,NORMAL
375.2109888169147,37.65987649659546,51.14479487744387,-2.372423866717945,NORMAL
369.19373105097054,33.602237708939455,62.4483429976684,-19.538153249260745,CRITICAL
349.0974296567247,25.062030783592174,64.76398353785896,8.727430452514518,NORMAL
317.8360039992139,36.796032133288534,50.36973331620881,0.1738149407508658,WARNING
416.0911822546204,22.037862017458735,40.45759682249556,-6.992516221021569,NORMAL
265.7463321187324,34.96768699352462,90.30017651167074,-6.979370818737236,CRITICAL
293.98097916642496,28.688066380132195,79.78962998175005,-19.72837515258887,CRITICAL
350.2071782123985,32.26583369774758,75.07285357927645,-12.739337600573684,WARNING
371.3889629742815,21.827829726635528,50.959868505674045,6.324101399634458,NORMAL
375.5829356235163,20.274911080226904,53.66069432033901,-13.567805510205062,WARNING
296.03707576628534,24.95119540559773,43.438946265856515,-6.23178450209539,WARNING
374.5646907136481,32.13463449434873,77.00794177289438,-17.565524643912823,CRITICAL
411.7534207300538,36.76983667686049,84.27996751726144,4.689514151253025,NORMAL
408.5607863825694,30.885079322273953,51.01551098271943,-1.4964917644237659,NORMAL
376.28985392354963,34.75834786708051,68.6796963291784,-17.94623841999266,CRITICAL
313.0891995331217,38.415332169267145,72.14469003665843,-3.850041702328596,WARNING
295.7050974449729,27.368978398331578,89.2440349034243,-0.006108574194929162,WARNING
383.8557945478966,29.086908461353104,74.66359707008868,-12.548491737703774,WARNING
369.92834114819266,28.552026674066745,64.34000331481101,-0.5203302626935518,NORMAL
409.1677056497175,21.28012693217242,85.36087805408542,-11.228506687634207,WARNING
325.46630726608424,20.43826657550018,56.55753428088722,-4.921062721096085,WARNING
259.54993314906466,29.8219145876633,90.99108458721349,-16.838203456765843,CRITICAL
379.95492377283574,28.193421067519854,76.0345542988386,-12.192902060443119,WARNING
277.1136846320309,23.20925228542453,43.87705701037296,-14.43059885296271,CRITICAL
362.9172954481246,37.633812236870156,84.7769127075139,0.5540292962345212,NORMAL
268.77341677988744,25.783748925918996,57.03937814273579,-12.501291608071362,CRITICAL
337.55096215065294,30.71107629759345,59.62872863441106,-9.38632523790692,WARNING
390.8544516440338,35.78585696639371,56.92877074244101,7.413653316197781,NORMAL
411.97855289042604,26.534850840600818,59.49337218361802,-4.830975397341234,NORMAL
409.99053813072453,37.52638866284623,45.64123794209744,-8.218077701857514,WARNING
344.0731022574612,30.0626494510308,50.6624687365291,5.764503135044642,NORMAL
365.07993310946233,36.75816749703607,87.23203536422096,2.450675609972194,NORMAL
324.6658022124519,32.21093510030849,48.820097336585874,0.20936252424722923,WARNING
280.4730534756777,33.87899181020313,52.62789884146828,-16.4734609954934,CRITICAL
278.09836332430274,20.039842704381407,79.53067898194416,1.9720314717513716,CRITICAL
337.5386694852541,23.227256021107674,44.59548856308793,-19.42613100688139,CRITICAL
278.1771900840875,37.81711069966293,53.2845262935925,-9.37186018348353,CRITICAL
267.90873236182665,24.447226094963405,68.55735139291129,-1.7674195071304233,CRITICAL
291.7098934082559,21.154643184502344,61.506807802006925,-12.973898872209976,WARNING
287.32416694906635,39.197256054269104,73.89652672591482,-3.2936467048371227,WARNING
320.6817675989647,28.578886668602884,69.74977521109444,0.8928942110832168,WARNING
369.364836350911,23.433878154108992,67.50620136421449,-7.6412571489769405,WARNING
397.9895842657953,32.628378424367526,69.287723652879,-16.538160734632477,CRITICAL
352.95844118497996,22.344078113604667,58.54636165611636,-15.714741055570045,CRITICAL
367.6525199941427,24.12504227672305,61.552265525341426,6.870243328563362,NORMAL
284.7337851778249,30.15610127917558,63.059941364131205,-19.45627876862811,CRITICAL
384.76887930737814,21.380918126291995,66.08402615373245,-3.1796511518315,NORMAL
356.8324976244798,33.77263258615751,53.92998109374933,-19.70063670024652,CRITICAL
372.985422600335,30.713131986951574,85.98647367639867,4.641650887020827,NORMAL
393.36544852394013,29.701893199590803,58.34956177102761,3.7467460777411006,NORMAL
326.7199992149733,23.66884392806869,87.02357107588108,6.476796303170417,WARNING
329.2726585438289,21.51399454619575,61.33043494543122,4.1061297838780995,WARNING
403.30158485285887,24.069454849951917,43.683548661389935,6.3205135939851615,NORMAL
316.1988396264088,30.835219285351265,93.24361966279174,-18.003058162573314,CRITICAL
360.2140612668562,21.482108451497343,60.65079106565752,4.114436355803402,NORMAL
323.69027956845787,39.94364707805901,70.74826067206311,-10.365135420921396,WARNING
287.41892540380803,27.010410685723237,60.489330056775295,-17.93858966828117,CRITICAL
312.82761390255143,29.2847703947845,79.75057637313427,-0.29811545835175934,WARNING
370.4901613889562,20.167273637537143,51.97170697692948,-0.14947134800430462,NORMAL
332.278192590557,20.106269513366918,84.24720533375023,3.1842871987101233,NORMAL
343.2312577089057,21.329266515525443,82.15832772429215,-2.4885923680590807,NORMAL
382.9331961168531,35.03493984791681,84.16511395768104,-4.4597580078612555,NORMAL
273.85516809289754,33.423149467593774,74.12605817785838,2.267595615972617,CRITICAL
278.879771028625,23.899503998005784,88.97252344706307,2.4993339535621253,CRITICAL
404.3988430790549,35.174306423278416,72.8435418294666,-0.37601788916379064,NORMAL
401.1517470698017,31.57613509023881,74.7815228380613,-15.305698519891983,CRITICAL
330.56660741973747,34.32794223916198,54.901848407400095,-13.932374584263952,WARNING
303.3505573981506,24.83001255985667,51.820195037001774,-7.254474713957391,WARNING
404.3325473602008,30.141192934774367,50.335620944842766,-17.69084991857378,CRITICAL
368.3465446734473,27.655975288727756,85.20070206219475,-0.2146769407768936,NORMAL
385.3610465920326,25.438920788368975,78.0797407353582,-12.078140459188436,WARNING
409.6416415065496,32.72748563066749,57.84814900964382,-11.914644131231821,WARNING
282.4575194621794,33.89281917787456,52.029358714886,-2.1409020221753288,WARNING
294.98795457731075,33.23937889587737,84.82168506972965,3.3407572943395962,WARNING
379.34472625823287,23.75444811384504,44.86117208414853,0.9684648546215691,NORMAL
312.61902634503974,28.646924528066947,41.71320010363651,-12.212706521748524,WARNING
255.72498865865887,37.583715452024954,53.38681757701917,-3.2798849128097594,CRITICAL
256.62648451239215,33.33694782611316,57.76650401647517,6.937575608729976,CRITICAL
400.9800921187861,26.505812367234956,89.55284926297574,9.884730204963365,NORMAL
390.32066290107116,36.89742695510458,53.695480485999944,-2.698928034267311,NORMAL
261.4335053744525,21.898358736433394,94.93909366183098,-10.200822517222672,CRITICAL
377.1912650483039,36.133301060536326,87.19127990539761,9.928848922064695,NORMAL
291.0544024936675,20.807016537193995,62.61553348970223,-16.097579905131592,CRITICAL
253.81240115754937,27.208536542829723,83.105603809138,-3.0145792632478745,CRITICAL
303.1722581657602,33.08684010985439,52.76099991698459,-19.568556617837448,CRITICAL
379.9400756941926,32.47486169728018,81.92664434755281,-18.831859499370033,CRITICAL
392.3103367312109,32.39052400072607,70.9867442891952,-1.2615785565640536,NORMAL
396.9536519676219,31.73873013117814,71.95227089384986,9.720374711972973,NORMAL
378.64412840165653,28.845876109022704,78.90683500181103,-8.323085849246345,WARNING
288.90882862219485,31.937037537755188,91.05001539626733,7.874185600463882,WARNING
308.12389727793334,30.5535493244339,51.639974421342366,9.868933284966502,WARNING
416.79004433754903,32.990178594148944,84.24277328226103,1.4530048385109993,NORMAL
350.8368972367096,21.066959939777952,65.01203884039636,0.24358906502231648,NORMAL
365.1803743602264,27.46245236844767,91.79305926619168,-14.97928903289657,WARNING
335.0611058566453,33.81767953101645,78.34246932404952,-0.5408312969355329,NORMAL
296.79899628681625,23.12413137373244,74.9767179754691,-2.0209365158168673,WARNING
280.49052174917097,34.10278291141127,65.0344595453511,0.03281774809458682,WARNING
392.3524035609256,23.394568571538464,41.052967739826016,3.373077591873603,NORMAL
353.6485622759447,33.992791392442435,86.09852362437533,4.084328044735017,NORMAL
413.3564249779002,30.718701577042363,66.8672597962948,-7.943384003278098,WARNING
276.1274772835148,31.45214465764045,55.23568883792883,7.639225366389265,CRITICAL
349.1424367271066,31.856803610162203,59.520856348235554,-18.440319440668777,CRITICAL
255.39644011340806,28.466702883063952,44.651095795348084,-1.7945913337958252,CRITICAL
399.76541095874177,37.65829633037444,76.24749755727278,-13.66304505581207,WARNING
396.70946133100824,37.72186870626416,50.81594717241273,2.1227825731203183,NORMAL
298.7083233176109,36.0528062470586,94.84808449469816,-19.099219840118216,CRITICAL
402.55219718445846,32.45261067197316,93.53604405406517,-6.049714474207171,NORMAL
394.05594819713355,21.247881371965544,58.440347754306266,-17.9895038674637,CRITICAL
415.808332691442,36.339478145436736,86.89010816852837,8.138956943016826,NORMAL
264.46759264036353,27.711951850266665,43.90691889742012,-13.676206953499142,CRITICAL
288.9921820964043,29.382144220951574,54.77091920995034,-16.970656795467168,CRITICAL
278.4734851459983,22.94551127104182,93.51922388517642,2.778775207554208,CRITICAL
414.5194490958255,28.79480973015817,55.310266491446114,3.9487959162756,NORMAL
305.463166066995,25.987667474106964,52.78782957143072,-16.10963065327294,CRITICAL
293.5987203728502,27.106394969477755,77.06968144801517,-18.123054733416453,CRITICAL
285.7861797431083,36.18047280583353,48.08070579710739,-9.720645604324353,WARNING
396.9920167158838,23.098506222868853,44.550525959000446,-5.463860147599675,NORMAL
301.4113169173512,31.26816728967708,84.20926897659113,-15.885545355417705,CRITICAL
348.71884437422847,30.110175207797276,47.92433323072598,-1.2800454341305283,NORMAL
296.5188710363312,29.75668637088025,44.5249778352384,-6.212478283591308,WARNING
302.0987895672795,36.44762422370709,43.133829984855254,-7.441781752450101,WARNING
327.93334210234445,34.50012152598237,71.58581662996161,0.016370115825431242,WARNING
382.09837856079855,37.24405947316377,57.26315231973588,-3.85931883908291,NORMAL
392.818373334664,39.78902261930113,88.92356210740698,-8.855982121268696,WARNING
283.1783079271706,29.787850748131774,80.79027985098233,-5.222927877401073,WARNING
332.14074676332365,36.76460842163601,59.87720784869525,5.793840244349369,NORMAL
319.156816161793,26.56466211356679,64.96944511598345,2.873408760246054,WARNING
271.42034473687903,23.928384317440347,92.32946541147007,-14.73525117855928,CRITICAL
346.5136440482793,31.586289333238756,66.92934541276347,-0.6576425426954415,NORMAL
289.0705433855951,31.053245355534962,60.46952903857934,-0.1499822111243283,WARNING
274.00800237343543,31.417548336789523,50.189869546082804,-11.640708106548908,CRITICAL
287.18066605500917,23.656755597376343,85.41410233583667,-11.42877297017329,WARNING
407.6110429169564,39.39853050690382,71.41932584654035,-15.709966320028208,CRITICAL
313.67320137452884,35.95464526696428,60.206490078338874,-17.389483450916337,CRITICAL
344.6534348577919,36.9024170299207,83.77595129289263,-14.746305796089402,WARNING
364.3699844501193,24.41008526871294,52.00141440036947,6.222153199155553,NORMAL
292.44372196583913,25.264946930360225,40.035936491871475,6.120071023765529,WARNING
384.7411182455529,32.54657870181356,81.26461701663632,-15.438542977265246,CRITICAL
327.9150110798878,27.02438774697562,45.157708944135905,-5.416085443552278,WARNING
406.525740558248,20.801182381013888,56.03035024215866,-13.773771913828895,WARNING
290.4849311231684,38.16869103758751,65.74379798288595,-6.0110176118054355,WARNING
379.297859217398,23.089844080098516,66.7995944755028,-7.1004435763682086,WARNING
351.4748173929315,39.99115406500877,82.31968917451259,-8.064028909477184,WARNING
390.684018886588,23.414167266249603,41.675502746992805,-13.866548826071808,WARNING
307.86996453942413,30.211615149191196,73.83210272976599,7.318171516432653,WARNING
336.6751816235778,30.025512892514588,42.76336554026402,-18.952653420313286,CRITICAL
343.69719352578323,28.76357226496689,86.15492172391643,-15.179612458644645,CRITICAL
254.24518255989844,28.980775358602518,53.061320621374165,-18.511568799834876,CRITICAL
373.1817087640969,22.231859999144948,73.45757250042745,-11.568507494993325,WARNING
279.4943285603537,27.595030458386347,84.07951769226244,-8.23719269286282,CRITICAL
377.63084036587946,22.509725935983013,82.50242808157935,-12.89200025280054,WARNING
365.1568320811084,31.315631096819928,91.10295944664281,-8.38032446074058,WARNING
261.2480821018549,20.383109711025057,85.47722085350142,-4.257930870157034,CRITICAL
381.79148881194135,24.688512000230293,58.97960600322786,-19.09688383366043,CRITICAL
413.45369517759906,33.357358134016266,91.32627982676183,-12.03510777712783,WARNING
353.94881390836235,33.56999936585275,57.465233514167366,5.4432770504689,NORMAL
411.0174486930421,37.69710235392009,80.64868367666548,-11.676059608251379,WARNING
297.8747271579574,39.26720640892076,40.56564727646306,1.481499197264334,WARNING
370.06184763439455,32.45379081899595,94.45598653477762,-10.643616927088242,WARNING
307.7952168448522,21.57878805893111,64.35389750990556,-12.168544212954558,WARNING
308.37573937019954,36.691435805112555,91.45164824401226,-14.428007839844431,WARNING
313.3265183640892,38.572611242307886,43.399465337907245,-17.229184156658643,CRITICAL
277.674468165059,31.904256682537493,48.27597490532986,9.042291443522004,CRITICAL
325.9414696339485,30.03035920700333,53.56622386929736,-5.871192426957995,WARNING
362.525317548292,35.02354273908085,81.46274454904523,-2.6632666191773495,NORMAL
403.74116174895573,36.34815694612219,81.6376463084244,-18.33183434958618,CRITICAL
251.16925357734038,24.248945543909457,76.49379766523987,-7.664075333523625,CRITICAL
318.409064080883,37.691737764592276,89.25595664725114,7.275257921607572,WARNING
303.35927300755463,33.82111625478524,54.93982497009033,-14.281705007766506,WARNING
281.3875177490528,26.84215241727188,63.64766908789019,4.92847513165205,WARNING
270.38148589036103,34.698516947897886,69.2300202804118,-11.361639719720225,CRITICAL
333.7793293705802,25.998841395540452,72.78450753810682,-6.984682314342674,NORMAL
277.9489399434094,22.331661491113934,70.06826251396716,7.072390998583103,CRITICAL
308.47280671480655,34.66000214445246,76.22637452168718,7.946647429284429,WARNING
389.566772940854,31.33210517810926,76.1366774028759,6.951593997521044,NORMAL
317.9181933797789,26.535894117155546,40.5946095999358,4.796532225743928,WARNING
386.16671906857204,22.089090362003027,71.72715596229851,-6.080549054993378,NORMAL
270.18054623654893,39.61136454121447,51.80827381048455,-17.982974597283167,CRITICAL
351.12405451532464,34.77733354266066,41.784389532595284,-0.23847083818933612,NORMAL
340.48961891174724,22.06530017750097,49.488813232049914,-2.960771080517585,NORMAL
300.380794297259,38.76631457302632,85.0307126216228,9.50701619540989,WARNING
294.1440426215704,39.39447265595954,63.71786283853568,-9.57443614058736,WARNING
258.5594195847901,21.055305157192052,78.06061907706601,-6.262130166979162,CRITICAL
288.508676426138,32.279406126504654,53.90719650375611,-2.6710473696673205,WARNING
311.06548698705734,36.47104453223638,85.13828884217287,-5.67948805632796,WARNING
309.63924858695265,27.25119593118189,84.31429891175199,-10.15461551607164,WARNING
285.5400935301638,21.693766837506136,65.66812164864245,-5.536037032404744,WARNING
392.95448076849425,24.42477392892128,60.954520051761996,4.252172166810727,NORMAL
390.01601382732554,27.692221519575362,65.25182128076744,-10.901423274521512,WARNING
408.53432933128306,22.372875314831607,91.35621826508086,0.5159935550602981,NORMAL
340.3672659567443,20.65318121568992,66.15779055021045,-7.767556849918032,WARNING
277.4071980357708,33.12819207001314,93.41329990525571,-3.134335668064246,CRITICAL
371.5080569954708,21.369009051320337,62.97168476993471,-16.509245445065122,CRITICAL
354.1752920412068,38.769643164283096,76.39777528594013,-17.695908550567353,CRITICAL
310.2932548474641,31.01326758881703,62.176426587328876,5.00932031425517,WARNING
388.4940708006982,32.23662040206443,60.54018698229879,-12.339908787102676,WARNING
267.99863409623197,27.09795366973108,62.72448844642457,0.2746877531222083,CRITICAL
361.8871701305875,21.402162792825138,61.73926234871368,-14.546633983479143,WARNING
276.658159903857,36.54604299474492,42.305336919394165,-7.424513722936361,CRITICAL
278.5946214803081,37.58660431356948,70.63722823012694,-13.058580908694559,CRITICAL
335.412638818284,34.62972719406231,92.69649049056886,-13.386619872637432,WARNING
400.6509012619887,38.686082283349805,90.40312994926364,-0.9375692941427047,NORMAL
357.0695112539003,28.064212663676457,81.38188352670834,-4.061179449472043,NORMAL
365.16447210881006,28.56915807697591,80.23230552237266,4.734145528136473,NORMAL
274.89416362247874,36.65859431148456,69.7163092484669,5.339977272706729,CRITICAL
323.3212900779725,27.5808097076607,90.32834028844724,-12.46492197354796,WARNING
393.51609529864436,29.680411450188082,68.27524934031928,-10.745951555315479,WARNING
347.4171741052327,26.504223925524226,42.159817783290876,-11.840041839669318,WARNING
251.0844373791204,39.56709574113714,93.11609654008612,-8.14534107583085,CRITICAL
373.82304523773985,26.9161219682085,76.91012363972868,4.162901291379374,NORMAL
410.94856159768096,28.00424551699344,83.08138906258262,-12.022146481036437,WARNING
418.3564916449202,20.515391975287024,73.19408435756165,-0.21482055046018544,NORMAL
366.9677447026019,22.40775157578178,91.61913809102217,-14.564501628497517,WARNING
355.86807855077296,24.453521582461697,56.896902936169894,-3.6062437481562704,NORMAL
320.922881155978,23.204512019530124,49.40150213314666,-7.455656355116011,WARNING
378.7381063068351,37.95929293695577,44.627021424266054,-8.206882773217968,WARNING
267.04174583288903,20.331849612651958,76.39452754541762,-1.9265167410023665,CRITICAL
277.71324934853067,24.67625666186128,41.303926450448515,5.0484161708321125,CRITICAL
415.69740132825376,22.709190735893817,52.7311367570914,6.052285718408022,NORMAL
407.4988456525514,28.39254765613621,42.784235974799074,-18.81824498921542,CRITICAL
347.57147723173176,27.85790217786358,41.575883516771,-2.5024282306232983,NORMAL
251.92143122013383,35.74743916298546,56.85380524868543,-18.792259909723036,CRITICAL
350.01987756713606,27.953688288661095,93.55902273464322,-3.6740401248889327,NORMAL
296.7906607762914,34.1887772926795,54.93206013984912,7.127298742226952,WARNING
313.702734986254,30.997371255524104,42.781520710332586,-7.216362861433076,WARNING
391.50180174236914,36.11297610726684,52.337520736943944,-13.21762786968312,WARNING
388.94190307625024,38.60796840338651,45.2448506700152,-6.498240817213242,NORMAL
307.3672274239189,37.41376910914879,44.59387030740103,-13.666221723258879,WARNING
377.91961738970406,21.02587697962431,67.08944593928591,-6.7367889596084005,NORMAL
306.8482004280873,27.891446306378477,69.14673228116281,-15.158979248348507,CRITICAL
347.2392993082108,36.10864658599972,81.80885113845875,-15.383002859186789,CRITICAL
275.3724098560506,25.363487354898268,59.85910994875705,-7.7463325577455215,CRITICAL
365.5485268616687,21.13360864331671,41.90699873243365,-8.24268311168273,WARNING
368.51782766345667,23.868706859129652,75.28274646909384,-12.205155861791017,WARNING
400.6346384982978,37.91379888533233,56.350796235472956,-13.100187381102785,WARNING
319.92167525125933,24.810631703602972,76.9811113810437,4.781940536448566,WARNING
364.4256622549069,36.48700894498699,61.834568921411076,-15.310490878734175,CRITICAL
375.4516610575907,27.209490102831076,76.91989538760228,-11.880681740547029,WARNING
263.80903791713433,39.85163590975527,48.59108293618296,9.65262981890443,CRITICAL
416.13758853629605,35.876362078160795,76.26826291450988,-2.6657884924674597,NORMAL
397.23726271423186,25.78879043238976,65.72246668666824,-1.4183009190049418,NORMAL
319.9023808978135,28.54972908180536,58.16565671261464,-3.0730454994639196,WARNING
394.5976697625697,24.030567560126258,91.39381713143928,0.6726296124468902,NORMAL
389.95644615560514,31.123813852600232,82.8734185783235,-19.513988079815984,CRITICAL
389.124672212521,20.80277718170733,88.94523569995744,9.758882417159299,NORMAL
299.99146857005223,24.206371125715872,82.09498501219224,-12.409209772392403,WARNING
397.1456051392746,22.056851843149534,46.9275358008647,9.374546653018466,NORMAL
364.5526127059008,36.93774448857906,57.83811575433349,0.2945124856181316,NORMAL
351.0211106424615,32.06300240245894,77.5392852745747,-2.7392248061270443,NORMAL
322.9406027814532,25.51845388761094,82.27197320022611,-13.211827099904415,WARNING
367.7002320462504,24.666656452986533,74.39315934749496,2.4123480138708686,NORMAL
287.18136111411167,21.198866017226166,47.20355586467957,-1.8200909818692352,WARNING
394.405889058375,20.899936424708486,80.37831924729053,-9.760440621498436,WARNING
331.34982288631886,38.57719099691131,58.2584327604715,-6.039891981815419,NORMAL
252.32601050931578,21.631974400096766,54.22253751241312,-19.164432775367768,CRITICAL
357.33380542820265,28.52796713603245,70.14798615004122,-14.760584423110114,WARNING
300.3084450042247,33.2764894970545,93.09164979967198,-18.487496791933722,CRITICAL
401.3653345453952,31.53762402622417,71.0155761715593,-4.9916439437671904,NORMAL
261.7969946037112,21.797537034723213,73.05016031124973,-9.77124285693325,CRITICAL
405.9355713182057,28.131810747189444,47.88048022864526,1.4415650050610793,NORMAL
299.87008164497166,30.509406147117865,78.38080320278435,7.007923336062113,WARNING
384.67250311628493,33.52722135745448,77.3798250317329,8.377739320962597,NORMAL
300.2900965744111,20.022241883923748,54.95750076690093,-13.46325861119768,WARNING
362.51187946937966,32.67423199531058,72.6403760487598,-19.51269670371639,CRITICAL
373.89226925661006,26.47060824970983,76.57807939536471,-3.302647144935399,NORMAL
308.26425732274424,22.691525342082155,45.19303937132645,4.945549993366708,WARNING
406.12758215386486,32.99576093528599,45.68887631732659,-7.939183493352779,WARNING
373.9196640178767,35.59641768020136,46.50202422600987,-19.999078434638527,CRITICAL
371.06329779970287,27.13192351972411,53.99647323900432,-19.613075906314236,CRITICAL
341.85089914945496,37.02301470851964,92.66974054499234,-3.0276514816013247,NORMAL
337.458425715782,21.70112770978482,70.18800408484299,-8.600627631038162,WARNING
353.21299775020805,27.774526957530934,53.21645178977017,-17.151041743148706,CRITICAL
303.5361355801123,21.932896685755047,49.72933229531912,9.62008475738638,WARNING
325.49760467412517,30.63743533010033,88.04901908054684,9.867067014720632,WARNING
349.06145638859584,36.24947642088343,57.981756338517144,-10.827681276581266,WARNING
318.4596325690752,33.45014525347298,77.52054290903044,-10.542816960516475,WARNING
272.64568710322686,32.64792512931017,47.05792242038205,-2.6452247531200968,CRITICAL
367.8817617695725,34.01222992788903,81.44096608627783,6.185782646969937,NORMAL
334.993028634014,34.604983790591426,74.05450044512102,-14.400801806069524,WARNING
254.3672396277994,25.690827713538674,64.36685384856906,-1.4868216671403118,CRITICAL
394.49308618554494,23.92491433412331,46.90523844441624,8.904398424229825,NORMAL
268.3675750939892,29.569821402143784,72.2060050836316,-3.758767372776852,CRITICAL
264.6254666956003,21.140538280072388,45.801588510356964,-2.432369483821624,CRITICAL
342.5386308978346,24.674815840734887,75.07757780150754,4.6020250616694796,NORMAL
257.06842317392096,29.962598870960846,77.91207266564797,-12.430642187909388,CRITICAL
302.32105389983536,32.27275805978768,89.38644113940552,4.297732609086982,WARNING
349.13213724692923,34.60443435514499,60.06523586142893,-0.771034157037267,NORMAL
329.2508704916847,23.79872272915122,78.59560506324914,-3.306060879535341,WARNING
310.96566893211053,38.226783801572616,41.15137648047033,-10.526805462515119,WARNING
259.6698376221999,35.33054632443255,78.61590997625859,-10.059433437910489,CRITICAL
364.8626933752024,27.918744523918996,81.59395852823388,-6.374490117898818,NORMAL
320.08755373138314,38.69459830976602,53.798350493988515,-16.386579800103036,CRITICAL
349.3723292541079,39.386436245683576,60.781156754995266,-18.138897091136556,CRITICAL
307.68189544262646,30.11863308639117,48.90576536477175,-0.2569334583052374,WARNING
419.6173961317341,29.034789519628877,59.5100706201617,-7.9788749949660005,WARNING
269.5748503271842,37.665472028524476,62.81541105367436,-8.38176765725476,CRITICAL
362.1473463981806,28.84066841862247,75.65284078443153,-18.156611296076374,CRITICAL
388.33296843277867,38.810079057588055,75.68209623876623,8.636977865764322,NORMAL
275.74349344289374,29.548323789607075,73.09937036699961,-2.5479005773643983,CRITICAL
318.2485024451373,26.761688187325227,46.97532124027303,-8.247726483131654,WARNING
277.6523385679325,34.68731352984437,51.48570145220245,-18.243040841463984,CRITICAL
343.90224342892986,31.90459465438803,87.9552183704278,-2.690551627469546,NORMAL
308.7317451329858,36.06023763052641,69.71533912530816,-17.62159146106425,CRITICAL
346.1945952532519,38.16037090843325,61.79719440240213,-11.110225943005998,WARNING
274.3898076930634,23.028910438707147,63.80243163880004,-2.1296052751541126,CRITICAL
263.7046188788323,38.79137178050331,81.53234895948577,-2.4012824514901183,CRITICAL
390.83457405962844,21.603735136242264,66.22613827532184,-1.0972061941500968,NORMAL
390.87099404010917,35.66939120098535,55.23880873423698,8.22640508677613,NORMAL
271.138793043248,37.50267237242304,93.40171372825402,-14.685394303321234,CRITICAL
372.7512309146435,20.80571037555997,62.29825538265352,-4.51150102406978,NORMAL
348.7096884046378,38.718744964971194,76.9737878011807,-5.56166146342289,NORMAL
387.6447561652012,39.01065641908818,41.21363817752599,9.475638167681161,NORMAL
264.64246364082567,36.28773558537523,55.41841139032769,-16.034610267383847,CRITICAL
324.77545875135195,32.87913158895227,60.95235147629113,-18.36303775151903,CRITICAL
351.90839374198185,38.04806552221349,61.07684512709884,-13.510016671075189,WARNING
325.2381488085786,20.96725422097562,85.1268171464151,4.790224328505602,WARNING
349.9600787830368,27.062057778767787,83.98808504451809,-3.359389256348983,NORMAL
390.40849245350273,32.62917585166041,83.14230102670385,-2.043110203467201,NORMAL
320.40398159666324,39.15891719852275,69.76126036833647,-1.8473144437838478,WARNING
287.48289870050735,32.51301578854553,71.43842072156191,-14.454848061589251,WARNING
260.12980655003446,32.08718639429542,82.00307481426762,-4.297958872339754,CRITICAL
288.55134630433975,33.3304395338607,44.40581496352812,-6.7449888559413615,WARNING
277.77234892773146,23.68918102119767,51.1261672037012,-8.398788288680663,CRITICAL
258.6955349554676,27.955868818581962,68.14390959130854,-5.501171451010244,CRITICAL
315.0732970685169,36.78293216141505,47.99296808312773,-4.8290976865587805,WARNING
260.5470408826142,21.423113577558194,71.5626217322403,-3.019447253365371,CRITICAL
399.2656971835577,31.157473513201463,92.78850612226677,-18.539154548002106,CRITICAL
266.661306412726,20.88131723140763,50.1902267683447,-3.761896671749657,CRITICAL
359.7472708426628,20.911703158973374,92.02839894150796,5.26496129951143,NORMAL
300.42412196670585,21.543750604529357,49.343789027048146,-16.19166758735082,CRITICAL
270.95824248082096,30.371233773314678,53.521609337137015,-9.255808504125667,CRITICAL
418.21590667533485,33.6862849785069,92.19393668758508,-15.723303349006532,CRITICAL
314.96371072153676,31.094636065647087,44.22169340388059,-19.874376691161263,CRITICAL
363.973836745476,32.83639033602871,62.59338454997865,-5.31067771903902,NORMAL
320.6253101006552,20.480100896897778,58.44543834196043,-14.687532338081304,WARNING
266.73211214723267,39.13440867778699,72.96478487731912,1.8596885270980792,CRITICAL
303.61183635524,27.862942589880305,53.03081966431979,-17.091029871037257,CRITICAL
280.43537836506925,35.950280905929716,77.26501928510767,-3.592133720435694,WARNING
330.7652783873506,38.44868567312249,44.00042212782676,-11.58197560286252,WARNING
309.4894351070214,35.64851624425576,94.58830410890843,-12.779884557285408,WARNING
398.6322468033037,36.61245520863582,52.35615687029716,-8.020022594023322,WARNING
319.6443877797283,39.56441337053117,49.94905457583941,3.974739133143462,WARNING
306.8127614094287,34.617406915523205,63.10060523626146,-2.6492071065037983,WARNING
391.5440014654423,36.08331129967768,87.65327509468351,-18.21148023966023,CRITICAL
367.64859401675665,22.79974753443526,62.87002124101261,-3.542347548359345,NORMAL
318.46571240696125,30.392233516060152,94.80894698392405,-15.943480588614358,CRITICAL
364.82752770719236,27.920019327712303,47.315538939903085,-15.237897098770715,CRITICAL
411.37642806175484,37.59202993423524,89.8873078228262,9.745983274821597,NORMAL
285.41361630144803,27.108786747281236,76.80704664586767,-5.485923804180583,WARNING
321.1262206743167,27.156224986711862,72.65793475688987,-2.7321971407975383,WARNING
277.4478317909208,29.434796750368783,70.44094769154174,-2.8913918380582864,CRITICAL
285.7182227950998,34.845427845045734,41.38595021515883,-9.35504433370512,WARNING
382.6361502510577,31.277858421108046,54.36393378809731,0.848593580291432,NORMAL
346.4564605065325,35.92487218912774,80.42638524044028,-1.6967623389129614,NORMAL
332.9902048028384,22.663642513350467,54.37331598369611,-7.427015812487442,WARNING
351.88087879108605,30.2741571043061,55.85014892777412,-19.806069266308683,CRITICAL
334.36066772313836,25.712519771244864,80.40345653907943,-19.281612041885495,CRITICAL
349.42072792198445,38.82948475012131,49.59250969113248,-5.850515277482138,NORMAL
265.5417386089135,32.51363824522706,70.27924243279242,-7.77903427361503,CRITICAL
338.634093650536,37.931493169380204,50.79618662710869,-19.323064648839583,CRITICAL
396.4830303988472,31.54234164775813,88.98621505040134,-2.091643297604822,NORMAL
387.7273852931494,28.59346726710296,81.24229622085478,7.391244006695679,NORMAL
347.26090383277506,23.61570301124759,54.7838688266609,-14.040662693077827,WARNING
291.9656946912746,26.128308987020727,70.53235827142537,-2.360251116085017,WARNING
322.5049570311164,32.30841559641671,44.48662090862513,-17.3663528882552,CRITICAL
279.2110082608019,30.361549960806897,51.76970732840725,-11.50146789522268,CRITICAL
318.053182149409,36.237322480207595,40.76241747520731,-0.5186353929013272,WARNING
363.7090102769165,35.973115607132726,91.30141164831723,-19.395864531521305,CRITICAL
276.14322993724676,37.723425881119866,65.21852092028584,-3.0622808319960946,CRITICAL
362.71462463293506,33.58133208991275,91.24572218240795,9.908482522350088,NORMAL
372.42676835825984,25.744424184103018,88.38638212618889,-18.52337256377715,CRITICAL
289.28374498866435,37.94771434927429,54.09053329416452,-13.380468211347546,WARNING
273.48129983384206,37.18223515293833,67.50320425550977,0.24679609162464544,CRITICAL
290.641285292755,35.16080842022433,81.80030497291543,-10.622059252750995,WARNING
319.8160476117481,24.19380554860402,93.71085628275974,-0.6319226882476521,WARNING
408.87245972163765,26.067710872582666,83.00400021482893,2.975759316542259,NORMAL
367.58146081731206,39.31277950533601,61.645543485847355,-16.078480292307283,CRITICAL
364.19050607149035,34.586196009544125,71.62833154023481,-13.79546320599811,WARNING
335.7575100837904,26.243794731382586,63.5106590491679,-0.6434427246600833,NORMAL
376.68650625744186,24.644493818026863,62.29289483558243,-11.925152870251125,WARNING
283.76737435651773,35.66774439991677,90.00889819403459,-8.893034429462698,WARNING
377.7174171435404,37.939905787288225,86.53683157916274,-14.515598343823223,WARNING
412.5696198572714,27.53352880858925,58.658236364561,-18.12706018166659,CRITICAL
332.6495211978301,22.180272312818573,53.66969015100843,-10.491721346981558,WARNING
387.5004749935863,37.50977300791793,56.63564746038083,5.760943637337217,NORMAL
395.72925935286446,35.29301900769747,48.068231270834985,0.709685407021869,NORMAL
410.6540909786967,33.65080957534314,58.23892670093087,-4.982620477075061,NORMAL
359.77325736967913,30.21140817457007,46.59741179520334,-10.63807866043938,WARNING
386.40732519411756,37.22836092191035,47.55150179935636,8.571602571961737,NORMAL
305.8998450342636,33.2462747746144,81.35038302761745,4.3583870391365025,WARNING
410.77744937840816,26.258390960576452,87.2178550003355,-16.049392896913787,CRITICAL
369.85695408011077,34.83955459027972,77.27477826607262,-12.43055791594541,WARNING
398.41733499258453,23.3771692674079,42.9499135336457,1.5239497183573647,NORMAL
330.8308715895647,36.981960399173516,61.08684275820424,-14.951642344768615,WARNING
392.19517271987786,30.978192632801434,50.405768581469516,1.611519957593373,NORMAL
336.8893185432151,32.0862596448064,65.349408601362,4.86126951454019,NORMAL
391.0256616661185,34.187776436487724,45.79707575680543,5.1656158571220665,NORMAL
364.07220669059467,33.94048332008599,59.96405622221294,6.3783866847102,NORMAL
373.3131720399258,22.25180933058389,62.427791892338945,6.591410858804252,NORMAL
258.0234392885544,39.22833239284099,77.35394125757595,-1.0587206706987011,CRITICAL
295.99507360295854,24.97583577478354,91.81320207187275,-11.051826372976318,WARNING
381.8359004422299,27.862435964141582,47.658973893158716,-19.678541069139232,CRITICAL
342.52374729259265,39.51557637097865,60.30249065950625,-9.284229980208655,WARNING
308.49557503440514,30.410876746097166,64.23656858833614,6.397438801810434,WARNING
335.93853459299334,30.155156763771377,47.61043770963062,9.48218622731158,NORMAL
292.495391447701,21.467281349192053,76.47304369363648,-2.13900889529382,WARNING
320.5747611787668,28.443844677613562,83.17851565755372,-14.128620797010528,WARNING
389.44306422063124,32.97494227790036,63.04333755787384,-6.259141502483942,NORMAL
293.6300252216363,35.0422866539395,68.20811082678972,-10.374363717504693,WARNING
351.32851967936153,39.91468904102646,63.93942538111046,7.620742023358588,NORMAL
308.6528627871762,21.094654138499717,51.23331585026359,-7.439145700169474,WARNING
287.33793786107674,20.00454076436511,90.325084576114,5.3163823369278695,WARNING
376.189679352781,23.35629191292057,46.61999669154923,-17.971857515828503,CRITICAL
373.0849620913966,38.576159213757705,63.679470150217035,-16.425779840118555,CRITICAL
337.10677952445815,26.9766381491726,60.61537083924988,-1.3600812753287812,NORMAL
372.18207925457443,22.212071977463218,41.9574626943562,9.829909080571447,NORMAL
289.5638193156438,21.07661049816918,50.4431431002756,-18.831264609546075,CRITICAL
316.60785208491916,36.048035689026484,58.76844473667464,-6.674497793649003,WARNING
364.8497515064646,30.177881401397606,87.37951273117284,5.981070251372696,NORMAL
251.68481823349612,35.56092612966398,65.34034801329206,9.665216239109892,CRITICAL
332.149452898824,39.73791890776595,81.50131486631551,-12.54185346160081,WARNING
341.5271464787828,39.84271278957166,87.1641834263558,-17.078993186263368,CRITICAL
370.08323945769934,26.91159171741626,40.38402440341915,-7.895570929190011,WARNING
289.9082516932451,36.37738541040943,58.5531834865171,4.825710818614514,WARNING
250.1016496019152,26.156383000522382,53.26408678692691,-12.99297916794167,CRITICAL
261.59172536012863,23.742485408210033,70.5552263437091,-11.259167814867666,CRITICAL
320.9571129959552,27.537337606943773,88.17477087499421,7.158969970315464,WARNING
333.8026851814962,26.603119006312088,45.87403872013,8.60208638146285,NORMAL
260.23858063305056,25.953005551365607,56.39364106435023,-10.387961415793553,CRITICAL
277.92876335630956,35.663228618473944,46.737382408129406,-0.9528002254051167,CRITICAL
271.05382453998897,21.41071275185913,90.0186227027232,-14.29613701043883,CRITICAL
389.6125262751497,30.892617422142717,44.28210857848233,8.663445743142024,NORMAL
291.9833983886217,37.192906907052134,49.284550318151034,5.618286464255586,WARNING
252.24889819389998,30.235609131389616,82.31934186818563,8.043865524783499,CRITICAL
404.5643631551028,36.3924973909529,88.85052423137172,-14.023409424887705,WARNING
298.3113302709939,25.77937049842117,60.737966205093436,-8.200379888444338,WARNING
342.57440519129483,23.19759526732883,78.01856650822941,-14.973003820864806,WARNING
302.7524419577731,30.06690261212308,83.80423088379125,2.1840769971618172,WARNING
359.7408405897888,23.115465211603404,70.08749400885677,-17.376604946003436,CRITICAL
314.15174005543065,28.27033060579918,42.18962916951646,-11.780357015900845,WARNING
412.4604094353032,39.07265215659379,59.37798798388966,-18.706996731550277,CRITICAL
280.44613968579085,27.844355868670803,92.12788338830764,-15.764028093884452,CRITICAL
379.7976934235961,22.17365078749384,93.96916675652022,-8.55150502672595,WARNING
381.78987161283953,26.851821656222636,74.52178824373448,-14.239517457798899,WARNING
274.82357328048363,38.761282791362625,90.47060028474384,6.624068206386472,CRITICAL
356.3236865283209,36.165364224325565,43.79703153012562,-9.956328743279625,WARNING
303.32953120871656,32.71290643905226,59.577677540885226,-15.544796550689576,CRITICAL
351.39940282030244,36.28767841338163,61.01679219529852,-16.03193854704555,CRITICAL
283.43699354317994,24.749666103387682,56.49436761469949,-0.7161478848107272,WARNING
352.1607323714122,33.92159723134078,59.937609149233225,4.71992955639935,NORMAL
284.6949023964792,29.380814950363078,84.05162968477867,-14.595240568021422,WARNING
268.6767293359331,37.673679353759795,58.861131451755774,0.5161037472709609,CRITICAL
254.30926272486954,33.800937768188994,57.38557213508338,-18.327774392376746,CRITICAL
353.6681694631799,24.816076321463463,61.2743983128534,-17.58257563140459,CRITICAL
275.0177526861407,25.959544709916877,44.93677253080864,7.324787940589456,CRITICAL
251.02799734127632,29.67720437728623,46.77861019729033,-10.769627315661545,CRITICAL
407.43012516910517,23.23389106547974,93.12077758450829,-13.826168690317349,WARNING
376.06623843936103,30.933545297946235,88.64633001782175,-3.3802023349060732,NORMAL
340.8750672565725,23.909160007367998,49.14261491284123,7.494674533465428,NORMAL
305.7324938045058,27.44164509925792,81.79030121356136,-9.835295527315779,WARNING
411.8506159286305,34.758555379976,72.8586083415381,6.426854816342573,NORMAL
258.43300441941204,25.141253843784174,65.57699838215005,-13.190643815854369,CRITICAL
376.46388184136583,38.3841606210745,63.30735659620079,-9.736021996643151,WARNING
413.4636244633863,28.897048656550815,66.89766202471057,-9.45050382974284,WARNING
404.6232404120635,31.379109665637017,81.91960229499045,4.354201550526589,NORMAL
308.1143371259339,28.6738866264076,86.66594759234457,-9.102339449725692,WARNING
384.9689726868147,38.81984645148874,74.27657051874039,2.248818623556666,NORMAL
386.8665430469929,36.90079297793285,61.72793358212378,-18.462096224720057,CRITICAL
318.3189661102457,33.47512459568179,64.76927121794361,2.468894525811958,WARNING
310.68701300967285,32.69488282208059,50.2530892669686,2.4810830993487087,WARNING
342.7683146982144,24.08128777093201,56.0551145423794,2.4582612574549714,NORMAL
332.04221006245854,24.320628807861446,93.19991547036636,1.4537505945066371,NORMAL
412.71292153176535,28.542100907206866,66.13051873804463,6.938656485550574,NORMAL
339.2583878417154,34.145578238113345,53.86950826225415,-6.598205938920783,NORMAL
270.9864771877604,24.119600717539235,40.05188783971971,-18.822048450540194,CRITICAL
416.13824994007797,24.847073902735247,76.48208902272012,5.172990963988347,NORMAL
343.6122780702159,23.062890001679122,80.04640405348914,-1.992457697012508,NORMAL
374.3126001890538,35.39493245714174,93.64757022266099,-2.7931015991986996,NORMAL
308.0789891574023,32.96929113800474,43.76423900834444,6.9219195496475905,WARNING
270.29477192749346,26.556856757716364,84.86599593443665,-2.080628650078644,CRITICAL
316.91803844716515,29.468713187500427,87.00010662611992,-9.799868418203236,WARNING
397.8404464180691,21.76268861953383,82.72391404647469,5.426428991642091,NORMAL
280.9090009823476,28.60693064744401,49.10248760650106,1.1981238698265315,WARNING
341.0091205704816,32.70646693416642,50.806783182591616,-13.647624138427414,WARNING
257.0545453366841,26.441350703914594,70.78595637335212,5.738047419919862,CRITICAL
363.3776660679757,28.70792646799503,92.42160629167758,1.5773560172749548,NORMAL
408.1280844866335,30.55175946544331,54.23973511362268,-18.41519940905834,CRITICAL
373.4344247522546,22.42605996011068,56.65263205495819,-4.025872763483079,NORMAL
345.9508199225571,32.01166393974272,49.144043169233534,-8.607877855350537,WARNING
354.92301860988437,39.396377292675695,80.01971257348288,7.678112712818734,NORMAL
379.5760499134101,31.83433937784801,50.56128530249895,0.000569556775392499,NORMAL
355.9745262131842,32.04938340914533,66.93822273935325,-4.140301880321731,NORMAL
306.8552296100777,30.386253852846064,50.865574812316304,4.155231920811303,WARNING
281.58208229878034,21.699325797789328,63.993531449643655,-0.2507768148181455,WARNING
324.41186023870205,25.53508263902617,70.69941511397424,-9.589929937634002,WARNING
408.5875073215276,38.45290279207144,67.63045009846525,-10.163480179452245,WARNING
375.31251037262865,20.734258869661332,66.11229533240082,-9.910298171889995,WARNING
406.4911004674343,20.24006054545365,70.40481816450921,2.219907431998781,NORMAL
332.453057879087,21.708060603254435,93.48537645153462,-4.459687058717062,NORMAL
354.41166153423194,24.732195654150146,66.59239468087421,-7.125515241250344,WARNING
262.7322931403372,22.123207070949345,86.0609885790326,-12.805401433802292,CRITICAL
283.14290615476716,30.098229025002787,82.28109222493822,-18.141604442630364,CRITICAL
348.0573463385035,22.38420885681147,42.00535779540901,-18.417681435133478,CRITICAL
391.807898395435,22.359449672561233,42.48332504267606,-6.863003385712631,NORMAL
393.4788902301442,25.248167529786038,63.1941939639254,-18.802324023087465,CRITICAL
326.3433474029289,31.552261612742676,71.39988795636796,-10.027199234769045,WARNING
303.64064071273305,22.132472378731958,60.173907635544765,-17.01515993381106,CRITICAL
380.32131060104876,39.32548595496372,93.35409511666887,5.952132981261816,NORMAL
352.13466538773525,34.0173139448776,55.68631914742277,-1.0768873948213802,NORMAL
327.46042340477914,29.64034679553865,81.67771082063368,-11.54244933208245,WARNING
304.0667339880684,38.49283582257273,43.092336216803474,-5.4309710475997885,WARNING
405.1761360693365,32.20726015636314,70.05238908166726,-12.507674623119343,WARNING
308.3568331409562,37.04096831609386,70.75699724726519,-4.557734187296603,WARNING
266.92855130180493,20.320563129102464,93.0026853777877,-8.69041498139475,CRITICAL
352.5462205569157,21.5943014637457,77.57128571476755,7.9770012611788275,NORMAL
347.86309300956134,22.52230644750821,71.99468401104122,2.990416393139572,NORMAL
319.09081121758317,37.59675495882936,75.67756243465504,6.977467548676074,WARNING
355.9959029120473,22.625759440096484,57.0330441107854,-13.946151552426294,WARNING
404.50050461186663,35.20800134574965,77.20191029005034,-10.971010411051349,WARNING
281.2876112485363,35.12902175977824,66.07868702334937,-13.226313435481126,WARNING
354.8257362880968,20.80667704276904,57.939363977053944,-5.94329016226596,NORMAL
275.152916798599,39.69308955181679,51.50035505242879,-16.089406098702035,CRITICAL
284.6009285607724,35.381222663194485,63.40281125995135,-3.037521807423861,WARNING
253.57155668768132,20.68862617146629,64.52040524048589,4.4996572960487065,CRITICAL
400.49060938028606,21.734131351912804,69.60997061555625,7.396890588378113,NORMAL
315.95536824764065,36.59131662856737,47.353260991968995,8.061834690033962,WARNING
377.74196398032143,38.82668785573803,77.21394784538785,-9.09788204001719,WARNING
409.4907993292028,25.51133552618357,58.26948871339529,1.0242525400522098,NORMAL
380.1037709193157,38.588069676983075,51.26413249809152,3.9399410565767177,NORMAL
375.5528290774838,21.275891125071958,61.29727276656138,-11.517036288197042,WARNING
301.7633721401852,39.658937591094016,75.35275774139603,1.5302847338049865,WARNING
416.02499834355154,27.544035649152775,84.10120926490433,-6.964071100865139,NORMAL
397.82072420854655,23.613150826226065,92.12273973853539,-13.43684874767361,WARNING
305.4574861867584,35.12384468213561,61.65653278609737,-1.7536586970065997,WARNING
325.5774951818029,34.84739874179564,52.5582188802736,-18.24626038289369,CRITICAL
300.98799757042127,29.486173297368605,49.241102870597324,-9.35608131030834,WARNING
317.99711310990665,21.14783687376547,72.08189865013125,6.530302839138624,WARNING
275.7962952020189,31.95616026803028,76.56065627009654,-7.419959587421349,CRITICAL
369.1865898519259,28.21463086982024,67.75505083875892,-19.779408663367192,CRITICAL
367.5924194028971,33.22685357889449,42.11204825294895,-8.952496778146008,WARNING
416.4354129345835,28.414731251372338,67.6069972822513,7.2979047447915555,NORMAL
371.9345188971786,31.64140262248447,83.879257473759,5.930987993679196,NORMAL
327.67097219533537,29.502167298636707,61.232801460850965,9.001184200553816,WARNING
368.51826322935955,21.664461324161447,87.46277928221602,-5.583201774911958,NORMAL
261.68816409182284,30.99434510326622,62.944035343663614,6.332482145878746,CRITICAL
284.6790826135958,36.52929218984366,70.6728780151999,-18.361690903595928,CRITICAL
415.2137012253324,30.252304882064,55.99822698273704,-5.9177947403222575,NORMAL
395.8358231979731,26.09806248770127,50.59720180676852,-16.127862592073555,CRITICAL
300.6360977263359,35.60096174080087,65.9394500857394,-13.175551889193802,WARNING
278.25144993365734,26.65458953020758,91.69584050871399,-9.709198622299269,CRITICAL
417.981092912288,29.70460911530712,49.8540155059583,6.734202753805281,NORMAL
328.2604134329206,34.19342687009049,94.10413707650335,-18.49473949040078,CRITICAL
266.4380751638864,34.40913482925512,55.50037518125096,-14.470958091497028,CRITICAL
256.691519569354,20.436934239724035,82.59670817158849,-15.9669971789135,CRITICAL
329.51250471509564,32.11793630358966,63.559349031286544,-19.186800429913006,CRITICAL
383.1952554399445,20.21026449083307,81.90394419076162,6.799134813643683,NORMAL
323.58278657971925,30.710849461955966,66.23408659397096,-8.323741441296836,WARNING
400.86217101296126,37.878670213399815,58.4699000552844,-1.54790737955906,NORMAL
407.5742855647969,39.24116997882703,67.99274722321262,-6.415255841470197,NORMAL
297.3780337078494,39.177437463808204,47.854786746007704,-2.6051127185682503,WARNING
298.0335454781686,25.580165806955932,62.27327230569037,9.963788074469637,WARNING
259.34427216276976,31.57083636407063,44.541468691940246,-15.36437510028443,CRITICAL
324.72570010139276,30.20920262692883,54.23358246004882,-10.506286073767514,WARNING
264.78439344350863,26.06439567688501,93.16071416592993,8.341221450174451,CRITICAL
306.92930932328744,31.41707872557523,90.02774651110194,-19.814485320773098,CRITICAL
387.8162069573906,38.96739105577838,45.02291538834564,-15.156569419012369,CRITICAL
413.3268714711304,30.750802872806926,40.7808148959448,-12.271040037094124,WARNING
326.49042462570617,33.858178220495354,80.32382079752398,9.862645387763685,WARNING
298.876903895239,30.764402037369507,69.33279513227828,-7.830642216582875,WARNING
278.75752195321144,39.549131263676855,86.93244526666223,-5.050009151172883,CRITICAL
352.5517218562851,24.545221071193247,69.90828887154608,0.8491039936442739,NORMAL
337.5783948257201,39.80570341169883,73.62379109362493,-8.87078862223493,WARNING
381.2658446946925,23.40925023163284,61.14836975384466,-9.591231488672424,WARNING
323.40720616832215,35.63559651857453,66.62951676898741,3.8204335079788834,WARNING
348.0031135337772,26.841388693151107,84.54883090259099,-12.851309883407254,WARNING
288.14510656596525,30.090058481096715,54.34670852791489,-19.72738895146351,CRITICAL
360.21057964079625,30.22187642944796,64.50347979712387,9.00905543854946,NORMAL
347.1038612736953,37.26863155578769,47.66976299128381,-2.923806106117169,NORMAL
397.5565365442535,31.66211514559796,79.49077979698508,-8.83869296563378,WARNING
265.7164178963013,29.15800590254143,61.69636649613716,6.011805471368419,CRITICAL
291.47920139992027,39.334684550702164,92.6975965892473,-12.57105070785684,WARNING
309.1688324311445,37.911114817477696,93.1642221492859,-6.696826914918679,WARNING
304.56949775895265,30.52188026503084,77.8273063501154,-11.795764538750607,WARNING
375.2004396852424,21.03314714229282,42.7111971020429,-8.411368845633643,WARNING
310.09044265032253,26.312664307343045,67.00608694679005,-10.377992530652863,WARNING
282.6838461395756,26.189390981772018,93.61973500456293,-7.666597490154542,WARNING
325.60117206591707,31.530899799022798,94.08374226278247,-12.751961706927109,WARNING
365.8179587905137,34.319693870834485,73.40284292361864,-17.342649810900678,CRITICAL
365.068286890688,21.28189422072351,72.78784572524432,2.18743531665228,NORMAL
285.86488140539154,36.83244015085548,41.66945930431523,5.314385909749184,WARNING
328.25593860927006,24.35175879863289,47.35779797466824,8.599215027471175,WARNING
262.3531498887966,23.981868398718515,59.13022910881753,-1.3929545311663851,CRITICAL
342.61618449693674,22.51286984824628,55.9350391056018,-12.837446867419278,WARNING
286.30228526335804,28.222886729599743,78.72172989254113,-13.476412033482923,WARNING
312.33540954950683,27.818348536823244,93.70510911894756,8.639990706372068,WARNING
386.0233890678529,24.833178416383703,43.742052275041836,-10.492875868381258,WARNING
295.35507340375125,30.118516002927876,82.77503505372863,5.74968816636574,WARNING
393.62689451978645,27.193511224461353,77.79788889033756,-10.614974074273398,WARNING
260.3539423499811,34.03130531205885,40.54051539133833,-7.724522376245343,CRITICAL
305.9944757813529,33.86755077037705,82.14350100182084,-10.877160920861485,WARNING
387.9765924556251,25.878335210098676,64.54794979926086,1.8105558104240167,NORMAL
367.79643896821403,39.747369446244,52.38385633187625,-0.13046259381252767,NORMAL
353.64592440688216,38.30196908980059,48.599917790468126,2.5539449076079883,NORMAL
346.6056647656906,25.49331739575811,66.09392027809457,-9.986702087906066,WARNING
348.48327847403834,37.780012216293315,71.31177414267111,-1.0483274502024784,NORMAL
338.1871340095006,21.023310128909518,52.807220628185185,-5.2399481170375175,NORMAL
302.73999823659983,23.635271955223885,67.7273063055141,-10.31570619656449,WARNING
293.8782993394805,29.279708348807617,47.330634194519526,7.8323719922622175,WARNING
397.50935664627065,34.15241171481071,45.84176051736509,3.276317634090791,NORMAL
387.35274577853323,35.35529235428675,46.26812379155827,-0.6827612879670575,NORMAL
391.83521527739777,31.547068024393354,75.5524056375449,-6.2490956172108145,NORMAL
339.88024438028896,20.687537167034506,75.14296620853065,-17.556583613265225,CRITICAL
323.95248103783797,25.85310195334816,69.99853726164422,-15.997509934303787,CRITICAL
367.57937833546407,35.900230738569405,48.98449473587361,-16.870607379443534,CRITICAL
274.73763207385105,37.54255123797003,69.05040939659959,-5.982170119774922,CRITICAL
268.14100924740023,32.991120135139234,87.73997755422994,4.845576079703587,CRITICAL
356.4293005267362,21.505574333033472,46.18183649468071,-18.52073038670526,CRITICAL
293.77146680371976,22.713229343207555,54.302642213883864,-8.44825832843115,WARNING
410.30707329209304,32.207521195633845,85.92355821256294,1.3105450213699683,NORMAL
269.1255321895274,34.71840812747898,55.130438485751846,-0.8267645901588097,CRITICAL
307.96353551930804,39.95344526529318,54.49533137232278,-11.62608587677191,WARNING
408.21428344560775,20.492888092726453,78.31789433302583,1.7597917220763435,NORMAL
392.1843581597679,39.48878621276951,93.65810555361588,-18.041697273006083,CRITICAL
389.7126848679934,32.926198673147624,75.60381739052002,-16.149502201559155,CRITICAL
360.53181829576107,39.649651612024954,90.15002132466958,-6.826080175854484,NORMAL
256.791155458636,27.245869800004098,85.45146713803054,1.0449730439549825,CRITICAL
328.0884214509726,21.102030703176624,63.47921003028165,-5.929251808463494,WARNING
407.85444059200313,32.82172207164319,57.14091041600569,-4.240452066478358,NORMAL
261.2294023297672,39.45136471299473,59.80329460618993,-5.663979352605926,CRITICAL
310.3982756202768,33.650234602324005,76.42276870812762,1.45966931587407,WARNING
295.58434903402656,26.313369623281318,46.888817710291434,-0.3347008446166235,WARNING
256.7655116470609,31.95364671046918,87.83327366683986,6.724964448689008,CRITICAL
326.3364192628935,29.186073764261476,44.23330506544095,0.12295076329107246,WARNING
389.61410146338375,24.893101092094263,63.17154848983506,5.165180102958111,NORMAL
399.110479502589,24.86359960528452,70.28138489977503,-14.225205480925188,WARNING
267.31938990372464,38.222410027839146,85.127912732766,2.8010470540952177,CRITICAL
258.2902741982339,36.87457585420515,64.09242417479611,-9.72814630112421,CRITICAL
342.90098137431403,21.827064854471118,81.61556021438193,-2.526947693351122,NORMAL
281.72031646843845,23.76464399538091,50.13367583649708,-18.28992837344198,CRITICAL
349.9257363931864,36.80696355177017,40.962401769306375,-18.529860650861792,CRITICAL
347.37094703678076,36.38991370772105,57.970638981274845,-9.511568035768335,WARNING
351.3789045744519,25.484257782482942,41.46346013427263,2.056855543047881,NORMAL
356.36048520004704,31.615119981113182,80.79262709455027,0.2569251268611268,NORMAL
284.9999379903146,27.049620938867022,46.93605779232438,-16.10428959746357,CRITICAL
364.95327688061167,37.17200213964996,92.95029211236265,-1.149586473516667,NORMAL
281.2972249713627,22.113006908978615,84.70680343452167,-2.637305709200021,WARNING
355.1084535723324,35.62924177509419,78.68024752528484,5.0337475856828995,NORMAL
259.55636392817934,34.9504127349301,86.79690165271525,-11.41594872625057,CRITICAL
358.876036578853,26.283241276739442,92.68840865653496,-18.99729282693489,CRITICAL
348.56478345160235,23.330070940990304,79.17211128474372,-14.723291497440137,WARNING
290.01515452272076,29.887416220915163,90.3159222498283,-13.648568835560875,WARNING
274.5208035900776,35.179536637080616,67.5340742783662,7.353553371453142,CRITICAL
274.9244747171732,32.91855786046079,52.80835303834983,-15.29718714045082,CRITICAL
366.183000576736,31.873692398174665,81.51551020992821,-10.716122706614529,WARNING
326.1551815849723,28.10943352660837,94.12492051815829,-11.232531297818364,WARNING
300.1189305189504,27.090964176572147,71.05267447096769,-12.430317672087643,WARNING
405.59928986447653,25.31371129732527,89.2698652358107,-16.89574809060246,CRITICAL
361.6156594079409,38.139710368764874,49.28121911190262,9.049808802977651,NORMAL
326.990171270637,38.91430216882049,77.22510239965258,-10.952393903793453,WARNING
282.0114292359081,26.07470092450199,45.11595750944713,-15.683961009700107,CRITICAL
267.7922748589018,28.458870874831156,83.75681069416726,-15.758493373509793,CRITICAL
272.1544736392971,32.86857899034661,50.84506400824365,-17.07169885673025,CRITICAL
278.3642582949482,38.47462791753552,85.1809189026905,-9.378063129347177,CRITICAL
361.4895304456568,30.74551347336076,77.24183449154101,0.48013457388277914,NORMAL
356.8847825601988,25.32202737074617,42.145353141955,-6.332996540296737,NORMAL
401.4655603974196,31.38994517037152,85.78150729360493,9.748730288836846,NORMAL
277.814754703507,33.83555278283964,77.08614655350135,9.398663420748353,CRITICAL
417.5521247719761,33.733572234482594,53.39881355902068,3.9566751439179697,NORMAL
268.1949528158765,35.61398608343257,90.06078682795831,-8.514998156946943,CRITICAL
357.2080001471237,28.602854641936524,64.07707802434706,-10.688873326756399,WARNING
379.5620354765552,38.723531283330104,91.74129725789535,-14.756561453751985,WARNING
398.7064204416162,34.748628828542444,53.90605703796591,-17.981461612354565,CRITICAL
295.55953537034424,38.24416473563051,74.82482711926747,1.631639826936155,WARNING
293.7158996885463,34.387763111496405,41.54668284528581,-8.740359626809585,WARNING
356.54806925219634,22.921931310826405,85.26519659458141,-12.94906103564244,WARNING
360.8877891791359,28.103942851506595,72.7823977512706,-16.776483421132756,CRITICAL
252.87517598667324,38.19128854760602,54.82965048219505,4.5903100834137724,CRITICAL
419.88955108027403,24.228625159978222,54.58439076508456,-0.11420637096003006,NORMAL
414.1262678821056,38.316286963814875,67.65815360360716,3.8533084758017395,NORMAL
273.0767950269832,39.54876368408024,93.03942787197926,-15.08813126362487,CRITICAL
300.9019312165281,22.00309995013534,54.944467939399885,4.478673682456201,WARNING
314.3136532180941,21.76793934293517,58.82240386283975,9.441500027238405,WARNING
357.0462111940645,28.323218928123154,49.15961824234985,9.585303918510842,NORMAL
389.5443315747319,25.629546049018387,43.85377826466542,-18.30123327867326,CRITICAL
270.46428541594076,31.615371672288433,91.08198816630208,-5.097697159820466,CRITICAL
393.3007320175535,28.917732397196154,78.97209501723039,1.9561821185950237,NORMAL
279.5738300035676,27.224321179516235,75.05161860959132,-17.879101754469016,CRITICAL
311.4618319197026,30.69598932562385,94.79234711745514,-5.763993121326777,WARNING
388.72964870943497,28.641345701332355,83.801489744084,-2.137555951396749,NORMAL
400.72122505540773,28.218851047002197,73.23674309018133,-1.0994395814351776,NORMAL
320.95510010608047,22.88624087374963,45.145767380178455,-19.499853482011005,CRITICAL
398.5008249216865,24.729498244773893,51.63287121049724,2.081062012781967,NORMAL
304.4027392248566,30.120893848236733,48.9381085913601,8.792371643859077,WARNING
394.76883800293035,37.275792459300064,62.37255617146029,2.8708364112151834,NORMAL
274.4589464162626,20.172380051835606,41.098511291791546,-2.4019478778631864,CRITICAL
327.41713389214993,30.360306978170396,40.41047272294707,-7.319401410277228,WARNING
372.0715874041463,28.853874039348717,80.27205634717222,-13.009431068094957,WARNING
388.23414076189334,31.768624809069046,51.591970468644845,-12.898385724385012,WARNING
356.7651789768213,36.59879186424887,62.85952801160353,-12.250987126172234,WARNING
397.39197317480205,33.3853658350167,64.64470180056921,-5.362994141620945,NORMAL
284.7235995491874,32.53605260129688,59.73083807985887,9.869355300230477,WARNING
331.6311975945209,29.717712123792264,71.12184830758696,7.5026800935624,NORMAL
386.1390769761575,29.022601395956826,79.52845962850378,-2.4129350365771494,NORMAL
333.70239827921233,23.846315455687012,65.516494490019,-12.62544238932276,WARNING
405.5231654747813,26.70813626992694,92.37452079933547,-4.008341297158664,NORMAL
357.3625443749472,30.858808889786555,47.11593393316855,-8.72536342976177,WARNING
266.85483908719607,32.45908088366764,64.57808073602413,3.3395491471281034,CRITICAL
287.4799817698929,23.2913211685867,62.348272703007225,7.797561496551435,WARNING
370.77170855211,28.378472495858375,68.44996933648707,-17.47360966468705,CRITICAL
417.3779023839392,33.32814609389838,55.69722376548823,-2.4257481735426687,NORMAL
268.612002231729,39.316733376151674,49.61317433358513,-0.5590904583435758,CRITICAL
291.72725863161816,34.351227652970714,82.72517519821545,0.20259186734297785,WARNING
354.46490824338275,37.84938187904024,44.324469104436695,-10.072557026594144,WARNING
292.2088715372438,39.76027924130843,61.41643788167804,1.9783809772119625,WARNING
366.4032778597708,24.241624749547555,53.14487241163532,-11.561463093408976,WARNING
319.8916373040945,24.686501313010538,41.08083155107663,6.381791704215864,WARNING
414.1536713347503,26.83140774063136,58.61787836840101,-19.78724561676887,CRITICAL
365.64261701616357,36.508797914972575,48.06345651980017,-15.210009518985478,CRITICAL
384.3141524951444,32.32581496708289,42.467330669524436,-1.323590286131548,NORMAL
302.5160128834402,27.37450310941692,82.3352280063284,4.3280557801783175,WARNING
318.0606265627712,38.9430587201271,62.35544948736397,3.155081056903299,WARNING
332.25913497592404,37.95064653044168,89.92686840075982,-17.377495763867486,CRITICAL
409.20386632273835,36.510696830408314,83.52208928719668,-13.972659809434326,WARNING
386.87026548829306,37.002654693700734,55.9032683949783,8.567802350869712,NORMAL
258.47622488785794,22.998185064942792,69.56696259283329,-2.726225866330708,CRITICAL
359.67551416115356,20.33938258630933,92.82017260421716,-18.662357217975682,CRITICAL
274.3205319629784,20.28029035052114,71.17721383117521,7.968006517629167,CRITICAL
363.21101823367894,36.453149369608546,40.730466190221904,-3.7395410456082168,NORMAL
328.1257061759387,29.97935888441586,43.97172519343534,0.5330608320792223,WARNING
335.54747052596787,35.30297699722528,66.69098487339434,-15.518550913207037,CRITICAL
360.2036821932297,23.447727242103326,87.98170098451482,-1.6065128279227565,NORMAL
276.7246602046822,39.246761149624135,68.51010048344264,-17.81304644385035,CRITICAL
356.5615937505614,25.063978140256204,84.20313985325163,4.534662206985718,NORMAL
416.42105049529255,30.037390620490072,65.02262838502554,2.604268163394419,NORMAL
272.52001157812754,30.938310275862484,70.0436180071968,-17.315806315688384,CRITICAL
321.0572945361753,37.06569597134404,87.08844920970631,-17.02287005240957,CRITICAL
265.4225500671312,25.253909540038705,88.11213344046965,-16.132922447795032,CRITICAL
372.39945644666585,22.023312392262063,74.2725819561304,-9.317981026425656,WARNING
384.1153737041974,24.673808976507274,75.15610061644779,-12.92952396272345,WARNING
371.3222481290661,37.47356069121497,46.974098951971804,5.997870657865107,NORMAL
350.90779325043064,22.542209817340478,63.51480204478416,-15.174191195447063,CRITICAL
369.0591411073168,35.177362688359,45.818808615003945,-4.815804419160671,NORMAL
388.4862595244059,38.72326083101993,68.24348267079735,8.508376708342212,NORMAL
341.06712497752505,27.88380989199816,86.65117207040925,-5.210518686257329,NORMAL
330.2234267959689,29.806249788196567,86.57317510283599,4.958246250641565,NORMAL
318.5983987148359,26.6659971974105,67.05604132215211,-2.816824707886731,WARNING
290.51732580675946,35.879101694311814,66.75655211528326,-9.978633547401213,WARNING
268.1595688038784,24.776903208072138,92.2104644465791,-10.847009395414203,CRITICAL
278.70607919239603,29.213455833099864,56.889825884813675,-18.945222491864175,CRITICAL
304.93468693750094,30.88217247878937,70.34418046109818,-9.30323236469334,WARNING
326.0414685629421,39.31035836469533,60.75416624766714,-12.25319560220051,WARNING
291.3893974913492,29.15529225408268,81.77360817943193,-13.820354474345804,WARNING
370.58034161393056,20.422996466988327,63.04131378911703,3.275951956083606,NORMAL
307.58460248165335,31.274742028907987,51.273857805425095,2.2598617337851685,WARNING
258.88744755568916,37.05085289751001,50.900801253191744,6.231940951249921,CRITICAL
309.92997102108797,34.453671489489736,57.55739137824037,7.177350137039426,WARNING
271.5283113381236,23.570395785451975,67.11665688373412,-17.541846828855615,CRITICAL
283.3166313992995,38.875327644240286,93.70693136313379,-8.712220120087341,WARNING
406.95862357236905,30.896493513468634,54.835835623057186,1.0719616324179597,NORMAL
362.01330711772573,39.78250638217467,54.57760080751058,0.1617850798520628,NORMAL
258.844038355006,22.272920773934388,40.21551062231013,9.983820431790193,CRITICAL
386.3865285150712,35.73446029467082,68.03493414084988,-10.997987512836803,WARNING
275.7149283586549,25.693494776929274,60.67841720610265,2.6893029094088234,CRITICAL
341.7425041135359,21.549672531109653,40.991595492740174,-16.930034613978105,CRITICAL
319.78478132855446,38.66385834098037,75.05713646650719,4.054776996265453,WARNING
329.28368106577324,27.233321663900856,45.96202049941425,6.277990665586149,WARNING
383.1372049347435,23.3623619519545,68.17433101319433,-5.378755762362653,NORMAL
356.26556395670985,38.923737879825225,71.88742929693638,-3.793481996641443,NORMAL
258.55489859889286,21.25814952036048,50.30407352297339,-19.025876849247553,CRITICAL
376.3699922469021,34.46660607987926,47.48309289374036,5.082367023858428,NORMAL
276.313625923839,26.023511739947175,53.69372945387508,-8.830787042808566,CRITICAL
293.29284020129353,29.779018528769043,62.4074334745077,9.597084723379798,WARNING
259.50747952179836,22.84362752774703,42.905424164973134,-1.2247641505287277,CRITICAL
259.2665771603323,36.72879474752247,68.15662468750602,-4.189771262553988,CRITICAL
345.471066311073,23.416274126124215,50.872966671296815,-10.43548031380986,WARNING
350.8943906897147,24.20235551880429,46.39824499232937,9.103506592552964,NORMAL
253.7369085176359,36.05394810672043,83.34193322662622,-11.08357658464712,CRITICAL
273.05652472124325,22.912572934108468,78.35873894804558,-0.7158022674147908,CRITICAL
383.0667646227357,38.74962344798209,78.05600497966256,-15.324453903456696,CRITICAL
291.3852448501198,36.84387461746229,51.51183417088147,-17.824330491365558,CRITICAL
369.5576091871826,28.050527109802843,90.6022028900247,-0.4923478671901549,NORMAL
265.3712262245823,38.957131345073215,54.220649500213526,-9.883625287811427,CRITICAL
318.3842703262021,21.024485928086264,67.30834822268326,-16.30044526774123,CRITICAL
318.1649555370198,27.014195759841684,82.50620458845768,4.095115348981935,WARNING
276.08019000614496,27.331023747584524,60.53442385675074,-15.457686681917448,CRITICAL
385.7370958587024,34.14456656670846,50.47099824633691,-8.99834274218603,WARNING
267.98685422560743,32.56413194186088,46.67545585017408,9.578025058747535,CRITICAL
382.7159526969366,27.804770991679902,71.82101627536449,7.340254486492263,NORMAL
344.19687766729044,23.489969727959103,60.828684556963765,5.29434595089236,NORMAL
359.516212718235,33.014487686676006,87.6751817128669,6.819191723875139,NORMAL
406.36473720250416,21.89698386506312,69.92693010797055,2.2152856365495595,NORMAL
378.67756367159234,32.13432403940008,49.17330343510208,3.922616618249929,NORMAL
372.41892669754077,21.722715430980728,65.50954035709069,-14.780678014345892,WARNING
307.3710977712052,20.36162184411371,62.01814276259171,-3.503692365313686,WARNING
355.32904078060477,33.2698069025742,85.9960222206353,-13.5361127817281,WARNING
270.48190981453956,37.03074343795851,48.613704819095744,9.24280244008586,CRITICAL
393.2314989977683,30.017532117791983,93.97817837071139,-17.078698126759875,CRITICAL
301.5211793997673,32.76448830081223,59.250377766024826,7.851176559423756,WARNING
261.156434990229,30.98823664121929,72.49764470673131,-0.41815628668327776,CRITICAL
293.46325796640843,27.29132855039729,86.40242913157377,-14.151716930895205,WARNING
390.5675340194715,31.253108458054847,81.92031311567452,1.4082209879041478,NORMAL
285.27695421542944,31.37625472867746,87.72477340428009,-7.036512895942121,WARNING
414.3204309379638,29.04430200203436,47.853210016733655,-8.316959597669802,WARNING
411.7894090863913,26.394416986797083,87.74539879268846,6.437520450456695,NORMAL
309.5317091364334,21.665153161012643,79.85068500373501,-10.654631029580418,WARNING
383.0970144237873,28.853096965208664,66.68967082884419,3.3372822024561053,NORMAL
315.0017662804768,28.86254690645829,60.690475782329216,-8.979784541681601,WARNING
339.4109180732481,36.175988890023014,59.89725715574112,-4.2723583838679,NORMAL
364.0236453252421,25.3887889260731,55.26375426963159,8.002393810703644,NORMAL
373.00087746628503,31.543733524466177,75.62460299313366,-19.12101670689745,CRITICAL
355.07750414548843,30.190177464484037,70.01623238786897,-9.217285195075487,WARNING
263.85056261120013,23.866784672241042,92.29095922669694,-7.739013131871982,CRITICAL
329.3361364912469,21.05419579706878,42.06614262491893,1.5154434114027318,WARNING
341.4760929005889,30.174119684325333,53.37184917324678,2.342521948897666,NORMAL
278.6002184484436,23.798694873220402,65.33916942415516,-11.411604136641774,CRITICAL
292.0687068096349,32.904752891066636,75.80344598701996,4.735512093997876,WARNING
321.0104563854059,21.461701820523004,55.051651170680174,9.400163895904509,WARNING
351.3639577895593,34.1947416960204,40.4046806293978,-4.453828034524374,NORMAL
256.3798717804065,31.38460424182896,90.64239672998414,9.052573915012236,CRITICAL
341.8939548161171,29.16409610504432,91.97594018366718,0.20829495990085434,NORMAL
261.0328775215296,29.314511553349952,53.21347601553671,-5.905870356539554,CRITICAL
327.4291472410815,31.64289605629484,59.622376969208815,-15.07188651632216,CRITICAL
335.63230388029257,36.60405768691524,76.52067254371812,-9.848964022243525,WARNING
409.03891386900574,38.24415142498364,51.51416196612543,-18.81747244638911,CRITICAL
376.0224804196296,36.55220522698306,93.23255112732454,6.695091822649321,NORMAL
352.0909105950905,30.601046784247615,41.531257819442246,-12.600306594656665,WARNING
328.1345077945975,32.570078001671355,70.64885083251258,2.2790796904507147,WARNING
297.56037825079693,31.299052153049466,44.847823386493566,-7.590034292503791,WARNING
377.52734160228215,33.86801706858088,94.48535054446984,-11.66326622036732,WARNING
334.69218085957647,26.590608275479934,64.23317127325461,5.708503896081645,NORMAL
366.3155427820427,37.648823826951634,51.193110958253754,6.200833535243142,NORMAL
260.15958661032533,37.77198560874305,58.09905787034003,-10.562370997578006,CRITICAL
337.05505803877287,38.81380375446464,42.62797505747729,-9.433070747877641,WARNING
395.61723807616704,27.921089548709332,50.95362936783869,-7.256174560057646,WARNING
315.5439252535838,38.308324029334074,81.90639066587033,-4.8465333276798095,WARNING
418.02299634266706,29.305550625518464,43.20308069511514,-12.131770345550454,WARNING
324.13198163728316,23.1380524829224,92.11608194782237,3.0054669345331924,WARNING
295.60882407272135,31.816090670358317,79.67970364102646,8.23836786720394,WARNING
399.87800935981977,30.303844522764273,82.60589408861597,-3.1356573851724505,NORMAL
343.95966130774184,22.294839166763836,46.93757119088836,-4.113991549326277,NORMAL
295.70646264643113,20.420738049209373,79.75615621451168,-19.02540209929505,CRITICAL
351.19706298768926,30.783875882546287,93.28480798177924,-5.47360581957075,NORMAL
260.81224418422556,31.033759356129234,86.26028938388558,9.905478528443197,CRITICAL
323.1583395271423,26.40597484993485,89.86593133235993,-14.262736127716359,WARNING
354.6229155555975,28.114288483618957,42.25953007255554,-9.581345770829067,WARNING
295.0888488254547,33.72182307886973,92.1834773730555,-11.958584378640868,WARNING
387.9492096557859,21.10719633876819,69.59665555218973,-17.883498088703163,CRITICAL
408.78560849220867,35.3270256111478,76.18724511625257,4.716891448739929,NORMAL
360.0783652469277,39.37888794348582,79.26768713256243,7.739758287467403,NORMAL
337.91242164180846,22.341288259637253,69.04977467826595,-16.1938151581072,CRITICAL
350.72389145998886,29.649861210553258,74.24164688080299,-19.69859056835505,CRITICAL
283.1228835814119,29.826608638242618,92.27769588740242,-8.491728789345247,WARNING
322.1432444291179,34.29392178013244,73.20860165073648,-11.032215497050004,WARNING
319.83878724646274,24.35399597714465,93.13118025216147,-16.080968553279206,CRITICAL
313.2122533762913,20.516779444400225,52.19787205634505,3.414134151404646,WARNING
284.1997894891095,21.60126805057931,66.09492489144878,-19.700922957964444,CRITICAL
264.41024625247667,36.1525173912595,82.43103396727835,7.454164612146879,CRITICAL
395.2676241048274,33.66351126479636,42.878307151536454,3.485458539599726,NORMAL
393.7368378428953,35.98164291543909,67.96634694194144,-13.01294484051555,WARNING
393.70609586708355,34.543256194802765,93.94186459138683,-15.329222067322013,CRITICAL
288.36297911884935,24.235962997630054,83.58968721917353,-14.392781106496455,WARNING
261.33217106996204,39.97121613171257,41.3649466294832,5.057321804765969,CRITICAL
312.112363063611,36.832309195156306,70.50412701661297,7.048936884590802,WARNING
407.45280769048657,20.18196362561552,44.147669679603354,-12.489238112874336,WARNING
363.78362078179526,37.76544393023012,65.29680732116795,-1.7908065117720362,NORMAL
282.0449749752454,36.09933667763371,93.20304612444085,-11.942032012562077,WARNING
334.1204117720929,21.722322210127476,70.75251610546326,-4.916496744599584,NORMAL
274.5542023063632,28.8413242623615,58.375755864760976,-4.34507374084432,CRITICAL
349.56123702289585,20.16991157214419,81.85532906222554,1.3904287558522235,NORMAL
312.26868565510875,21.058718711376365,81.52128968817777,8.655254814343973,WARNING
290.8257713237424,26.470492274740756,50.10970892149982,-2.6919162996548103,WARNING
276.3230370900673,27.12387886922759,78.33571576638445,-3.196520509719548,CRITICAL
315.698635935749,28.404992036150837,70.91609854427762,-19.82405816338516,CRITICAL
263.34667763711366,37.62516135526023,44.283344400020994,1.2041078863151533,CRITICAL
406.4064878985389,25.413672086034623,60.377029038273285,-2.93235782465851,NORMAL
399.8905248385594,38.83811174520841,80.67597864611975,-17.40140717435918,CRITICAL
363.75620644092464,28.20607443745324,65.8885549720084,-18.52554828964469,CRITICAL
282.4805636888809,35.81027215067296,64.96773581763229,-10.950132751065535,WARNING
315.2832425740429,37.0879902665136,81.19494595727264,-11.830538084567516,WARNING
269.97531283610346,25.039964432881433,90.64160480801036,-2.5523348645073405,CRITICAL
340.6916354866131,31.92787199384923,60.13155461605834,4.213210609585381,NORMAL
338.9586623810425,22.33495805537591,47.09858186559846,-3.8942256049214485,NORMAL
409.2169370720427,26.167042433523974,87.82476428725701,2.9228675973663805,NORMAL
292.12811529417417,20.72681496632485,45.60159958283105,1.8548180154232057,WARNING
283.94385546690995,27.425418410107874,67.59345413035336,1.7640450535048835,WARNING
269.2493079540513,28.127328105549232,66.67901000284824,-3.775188080853809,CRITICAL
389.12130903718685,23.43356390086434,84.43072985046422,0.7863528308995669,NORMAL
344.4980384138231,33.99055740805144,62.6609756423411,-15.848072420956264,CRITICAL
363.18009084511243,30.493446133712446,75.16561402985266,-9.860036569145299,WARNING
404.1673181477721,31.74739737151154,44.69713663599806,-6.50588027886714,NORMAL
378.5805293064178,35.88269123464545,67.20283790200673,6.842427124939032,NORMAL
295.5036343230306,28.211973944765333,89.42283008129336,6.887701494147368,WARNING
366.57117070019575,37.1796109424444,44.882529682592796,5.949849286233288,NORMAL
304.5053841135385,23.566630248564326,53.165340998812546,-7.460944759583388,WARNING
292.70264078275943,26.411351720329982,47.42381673394031,-11.114697033230044,WARNING
347.2882484721402,28.837074161821278,59.069531867975115,2.3935638657134177,NORMAL
401.8966951368641,35.13578445804794,58.26003861647236,2.3332650351266118,NORMAL
275.8366310205887,22.606359761825818,59.009487036988745,4.231071071321711,CRITICAL
291.8792020311913,21.265068177973593,47.244024436349534,5.762349055887405,WARNING
357.7431584070389,25.064023267399534,70.54127039304997,-4.172611327239489,NORMAL
361.4241163349124,24.663751088432328,87.54216429569186,-10.718943137599615,WARNING
368.0023811759603,20.322492927444298,60.496142144178094,-9.44870546123575,WARNING
342.39235285911246,21.45472523554393,83.45722555493596,-13.466575946972945,WARNING
365.0964285299417,36.064242464881865,70.90323259328322,2.2264962016595646,NORMAL
362.5162530765509,27.110595943040153,84.48721964684609,-11.158958903434161,WARNING
347.10619601775795,34.90795478283079,60.842575039687915,-10.916971771477249,WARNING
328.08882172937984,36.35926988698307,91.14569697301155,-3.6474976142032958,WARNING
362.44925490502084,38.06547244477828,45.42007682771183,-13.03764266401505,WARNING
370.51300106276904,36.47488923824599,87.1365965581818,-7.546784694352022,WARNING
265.1877833896174,28.7556295459924,52.69040246138796,-11.264106350101276,CRITICAL
381.285484662376,21.510541720517736,85.51696696143861,-7.169927425274928,WARNING
351.33086828710117,21.79304462471358,58.554749309650376,-17.308972429554625,CRITICAL
413.4624328897886,36.14523298652501,65.27980148960532,-13.291923550289866,WARNING
408.68736789247487,26.891931914539434,48.85414374280561,-3.105068346381355,NORMAL
410.4416004586187,20.076605810006452,53.096866378969935,8.15342921231223,NORMAL
279.0846143657175,22.264869032796398,71.36029686898925,5.8553146988448965,CRITICAL
331.1086690079674,39.891285133690495,77.3544434745896,-17.777752783686566,CRITICAL
418.7814623859358,28.15788473560381,55.80713936150154,-3.263624492663432,NORMAL
301.7322906095469,21.729150142403046,40.07855886935472,-6.512499412392131,WARNING
392.2667817785207,31.44630371260153,94.95640144188926,-11.394600630584002,WARNING
297.6773610092094,23.194989204678883,49.02349735459343,-11.444402119698566,WARNING
384.7828076964996,38.11513581272896,93.62979433392246,-13.031310377106422,WARNING
399.82058275439556,26.56510178554674,46.20622994842864,6.100747765604968,NORMAL
358.13795788941513,23.294617921621235,63.64071916321514,-11.38226915368797,WARNING
375.2550766807335,29.068324612485362,94.41039698085117,-18.357650532212148,CRITICAL
310.35259524316194,29.638003342199546,67.67234551115759,-10.521925328430896,WARNING
373.97084234658655,37.49494146977949,91.62956160878247,4.152801303985786,NORMAL
394.5986335421219,31.01090601239991,85.42385245347481,-10.894882725561434,WARNING
317.7413895585664,26.338260276370885,65.7063034496359,-11.432611512840909,WARNING
413.473945183256,26.256892560113364,45.39244959610169,-4.195485018487599,NORMAL
259.70684333568,22.210863326171612,52.06641640579355,-6.0694925035357485,CRITICAL
323.6526584925347,35.993837240055825,80.67110596362625,-7.210451180278961,WARNING
306.72971528785706,26.329375681229973,82.5697298011705,-18.437827813361906,CRITICAL
252.179680416803,35.91088783853296,66.24305067939771,-16.07356584339272,CRITICAL
290.04620888106524,38.65007906194765,87.27266365936939,1.2935515067191758,WARNING
331.9782891573455,30.406472523827716,93.63844944061772,8.973113316528615,NORMAL
286.59573778359186,36.222091326106366,50.84834663918592,-13.593875663481459,WARNING
364.9358158079781,28.10002197175097,91.2349423908586,-17.329707953119737,CRITICAL
336.95935893761384,38.37043060886242,89.72625132637279,-15.304123597527763,CRITICAL
312.3284090163976,32.38242800093393,48.766718662427124,9.04066516137216,WARNING
405.5073858837022,23.339003580689383,46.6635503693542,-17.43774551575204,CRITICAL
404.6054228862273,23.872476195909215,62.89567106993951,-6.53445903043991,NORMAL
351.83187751630646,21.4347068749485,52.471723957028374,7.944711607567783,NORMAL
404.4297182356568,35.62581294811385,41.06706850900185,-10.189796945116937,WARNING
356.75298500829433,25.503804235469513,90.02726822795776,-0.9833161450267447,NORMAL
262.22414194379576,38.18011177671406,92.67716619969224,-17.668627448248234,CRITICAL
340.5012399264235,26.06728564428341,61.60614920647713,-14.610463461339744,WARNING
348.27225734211015,39.15958706497781,67.6689930149385,-17.512562558165566,CRITICAL
355.40022669115945,26.80445988902514,87.07588542752137,-6.959655550505893,NORMAL
282.78273352018175,23.8221124538229,82.28202993966383,-12.032372050779204,WARNING
380.4296770070679,24.117746215331987,57.69275027857202,-6.035390826809019,NORMAL
410.3432944478866,38.63462849507649,51.37795314822583,-9.253428762707816,WARNING
275.3978960371413,30.199701586269942,65.33204028820666,7.022804873521974,CRITICAL
408.1009142244824,27.67134782014584,67.04558686604442,6.887087474383993,NORMAL
387.14032731666043,20.073126226892985,57.603276030097035,-7.346772741916222,WARNING
289.0517682261494,23.991432317918775,42.07814786276238,-0.698908247907184,WARNING
294.62674938213814,21.04694356862626,52.7038620790435,4.057418585083795,WARNING
394.7531608799129,29.661324903866053,62.88388687247774,9.335610805053452,NORMAL
284.0959921299719,24.30718565709217,56.052694737001985,-14.817280451567381,WARNING
314.4921516947117,38.216684539795075,73.84413123457159,-7.64160354163209,WARNING
408.8498350771065,20.969284649516446,51.565189784602374,-3.023341846947229,NORMAL
354.64394594284045,20.791150131252262,62.16713168489227,-0.5253810550738187,NORMAL
368.6719928885783,32.76279805032539,57.63097733985085,-17.194396292062713,CRITICAL
322.6091158912868,22.57508874736111,92.11930121863669,-5.744874019321152,WARNING
303.9340596406675,35.326081422378,67.38717259202451,-10.698979279626498,WARNING
388.03451620643625,37.343043020022435,77.01544914587723,-18.59106732776998,CRITICAL
346.27488962831046,35.26589823994563,47.50766566459702,-13.1398774584619,WARNING
400.02416786158324,20.40243443706148,81.39999258042869,-5.786801224567313,NORMAL
325.9512670027332,20.141930649897745,85.0669027031571,-9.205252980903007,WARNING
341.9301573210923,33.546013726713184,78.64462670408537,8.67940176478217,NORMAL
340.32779205022354,27.994391019488553,92.45369945704394,-0.7366929492343672,NORMAL
300.6855605670145,22.529284908071425,86.34049758058498,-9.134551916175454,WARNING
362.2798526319533,29.41632838731796,50.94113788872711,-1.9494017413860476,NORMAL
260.316121721616,28.266849197423845,70.0638216815019,-6.9185907764426275,CRITICAL
377.27426979266846,36.55849909090625,82.4183690718248,-18.835611565645937,CRITICAL
283.0018909758153,30.732150185275486,91.41521222440906,5.048703251563506,WARNING
393.23086641980626,26.064163875193497,63.61963433932864,-5.878821580521878,NORMAL
276.75316916948475,20.621362604889125,92.07965947032844,-12.7786224300948,CRITICAL
290.79131363301735,21.66758107537519,91.06792635690782,-2.607886551806839,WARNING
363.39626571131015,38.23153774526105,59.009109289543424,-1.3547806658574757,NORMAL
256.59590730391085,23.735450564622585,85.71851927994683,3.003050690150072,CRITICAL
309.60925754771495,27.536212555484248,69.34549384544687,-19.992769859445964,CRITICAL
291.01153712646476,24.16463617216429,53.77656207123699,4.17717527600324,WARNING
297.54455561289535,23.830426441002963,67.73449034361673,5.969351091181959,WARNING
291.029449652375,21.570724855855975,59.602260471731555,2.429554736949335,WARNING
343.6173925981151,36.33586739148695,92.77756811850787,3.77987430254851,NORMAL
352.6465234034381,29.86683176104761,42.20379974915467,9.529659364421239,NORMAL
315.19179083775725,23.044564278337337,76.66898704680511,-11.47135132713622,WARNING
349.5823060582781,31.735358156891824,64.51514014965781,5.083558466351278,NORMAL
295.04440046442534,28.972651832354686,69.57306707250343,-0.0912583769810098,WARNING
383.2752145859502,27.89614565756512,75.53258192531278,-15.481671407944425,CRITICAL
408.55017709222136,27.66117612842007,80.12367820870412,-19.38976754353467,CRITICAL
284.8818142938172,29.74165088647156,88.30388572527906,-4.182345501479686,WARNING
408.0779819899594,29.675937931655927,66.97470032047724,-16.407596344984043,CRITICAL
386.4515615058774,24.939308249341252,89.47868691547734,7.324726609911885,NORMAL
410.36271901860545,30.4046097820618,77.24015816310043,3.3554764018499057,NORMAL
272.27248517057916,32.019143899949945,41.88638457168214,-5.073017498338224,CRITICAL
276.32325587543863,23.658458519241695,60.07761616809309,-7.02688499850491,CRITICAL
355.93931217047185,21.488568368770313,67.70304686805946,-14.521246092406965,WARNING
347.5757797553961,32.748092245223674,70.61900911040696,2.14886531434923,NORMAL
307.05357152095326,35.30213183266262,63.80218949395065,-5.474465050322095,WARNING
360.1773616343821,20.36716767998448,75.96968217811366,-1.44244552783654,NORMAL
302.6740098480576,21.71588569798979,45.001449745217265,7.696712409556856,WARNING
367.1774846083923,22.542052275414807,59.61977431198985,-2.2255101829521067,NORMAL
392.04718986541025,20.87321857426017,53.014822230850484,6.692469708861399,NORMAL
251.5581435312488,24.02798205587775,92.74632967851312,-1.5979446043348666,CRITICAL
294.4841323283761,21.33982188791695,41.55052372459722,-12.657647610892182,WARNING
399.85258933011477,28.31827308595019,79.61833530412962,7.548551061398733,NORMAL
319.3668784724788,23.82554742074794,68.44148619713057,7.242510611795634,WARNING
386.7436504034091,21.316596867263076,78.091504004267,-2.8430743262313882,NORMAL
404.2687399788923,22.449628337005944,69.37198622625611,6.383880805356771,NORMAL
319.7040437460963,29.63989835465734,43.8753372716827,-11.655690786532675,WARNING
305.16613035872103,38.90244897489774,55.54670482976375,-6.17393794191044,WARNING
364.12175200592753,23.24366744815755,66.7543312928031,2.156171184277227,NORMAL
397.36538621460124,32.525185493248536,76.79794334243213,-16.211495822462933,CRITICAL
410.782004531879,22.65148154968965,82.6070115449989,-12.055510346650436,WARNING
408.7108344292128,34.39919078738959,81.4597542138103,-13.4282248082035,WARNING
325.3167960279773,32.35626389178573,82.34854900136305,-16.88121872262831,CRITICAL
413.6021037972698,37.80441341109112,54.86917247725714,4.682807290969958,NORMAL
338.11506691677,29.236129631240374,57.293875819627296,-2.570942401052225,NORMAL
374.08115000961163,28.218658099255165,74.60705561545606,0.9793876346591119,NORMAL
370.8907088925986,21.039321962623603,87.28612931267868,-6.252400557048562,NORMAL
294.61073388835644,24.835290149593632,66.56577620641727,6.604946184068776,WARNING
314.31908888605,34.994514935670864,45.32503020429702,-5.718298935468146,WARNING
418.58664386676503,35.40875605584674,51.57906686423372,-4.956755789062679,NORMAL
289.7162098202563,28.191218545250187,82.90462130542306,3.1367444587121085,WARNING
288.77706424340545,38.444466363097206,72.59125005206548,-8.602271271139564,WARNING
335.3290487327463,32.10142506875488,70.7939792515182,-5.407848933914654,NORMAL
335.838576695198,23.528238208557724,84.70030973675736,-3.74719040176954,NORMAL
272.28357648979954,35.32314203165556,91.28441881075429,8.419206977108864,CRITICAL
312.73301450989936,22.71033747121508,68.51197946481858,-16.62172311952338,CRITICAL
408.7778611471449,23.671592547102918,53.90212229731402,-7.8009041934508865,WARNING
315.1379596550514,35.893257847957784,65.09742513030292,-14.876952199899893,WARNING
295.4256822326326,30.18226770375044,48.109965458437415,-1.6503297306195783,WARNING
346.1770421136948,34.294046327645155,91.57375384586521,7.36763683303467,NORMAL
410.8328550717013,24.89431194047402,47.236091865164504,-10.931698985106545,WARNING
402.1644793702735,39.441069492469765,87.26287230887618,-16.69946836617369,CRITICAL
411.06275967016484,28.46716054701572,40.512065991929454,-6.728187777554192,NORMAL
257.8317588448295,30.87755842322235,58.62047150903783,-5.796951992178537,CRITICAL
354.2389613263299,37.37602191635641,76.40458670595606,-6.978533945654579,NORMAL
389.30273512396207,38.11164275146264,46.58679815377084,-4.042010673416257,NORMAL
298.3670331562155,20.94122395753895,76.77006823126919,5.883123323776768,WARNING
277.693451261157,36.248273152478006,86.93676534453179,7.430213279994504,CRITICAL
295.0984651446289,38.079061303797786,57.636451510503775,-3.4298595963349143,WARNING
258.586270041488,20.877621767374873,79.62052670027116,-6.665600660666268,CRITICAL
293.569703812767,23.808269920498205,76.847441997257,-19.987953679239805,CRITICAL
387.0014987634652,21.584992122598578,50.53192881994657,-8.412908141027312,WARNING
332.4259857517376,27.099902316278836,57.63916907413616,8.917480362195654,NORMAL
359.068545811377,20.468659107347765,63.65967496443723,6.250260992319106,NORMAL
301.2475516898136,21.891126895487766,81.71116243744548,-1.8195850419175628,WARNING
346.95312633050565,21.071531192148157,47.72744553875345,-1.3235181136065854,NORMAL
285.33005304800207,30.081401594968487,69.96849273161664,-11.494784291871818,WARNING
411.2322764420538,36.8492821367115,79.73054291980392,-17.660184007717728,CRITICAL
268.0421032825333,29.855626917299112,48.83923420550421,9.347963905884221,CRITICAL
276.9484397846596,29.749356709279482,60.0266581262828,-0.8184073563770617,CRITICAL
271.93618951120226,28.606328560847817,55.1087768043929,6.63254574015064,CRITICAL
256.8995710628982,38.274549880129186,85.81467762041503,-11.072878506775536,CRITICAL
384.1794112951078,20.62427120677495,93.17760526613665,-4.20215172230632,NORMAL
301.5577744311257,27.25166425189354,43.65229444032735,9.680485421261174,WARNING
256.6796306756177,33.098142462957185,64.35047602385521,8.467486545661451,CRITICAL
291.8199558521552,30.641736478760226,66.52959147205141,1.0859933215030395,WARNING
261.56173943191146,23.875782600467097,51.801065105106744,2.1445226452506887,CRITICAL
282.1535783755458,31.469835277819534,51.83841012755245,5.848748502519353,WARNING
410.17152726323854,30.36985949884481,59.3769886315048,-12.978266749475026,WARNING
258.46277025891743,25.37000152394991,75.98296789699248,-3.991492060723676,CRITICAL
410.4870173077577,27.925545249834013,78.1624838280617,-5.320317575746358,NORMAL
337.13795670711596,25.35548629208235,65.02229272630998,-5.876450089618782,NORMAL
370.12922869731875,38.81279998372228,58.11267026153774,-18.73398594256105,CRITICAL
334.37017133510875,30.889226642983374,49.264230312255336,2.813938188282002,NORMAL
417.4379484350536,38.91549434016922,50.84083213530087,6.260897197022821,NORMAL
369.7639181899864,29.076931276138232,69.7336046878601,5.488005249473744,NORMAL
331.6229397385234,27.46414738210254,67.12861211642922,-2.6261058789485254,NORMAL
282.1432011423193,38.01815460533982,77.08028218562876,-1.0019324798753324,WARNING
266.9143584507085,32.083478763451836,46.65283642311708,-17.639069744138027,CRITICAL
339.64285225920685,28.0557106809299,72.38456485859228,-17.323334958282842,CRITICAL
323.2671206840339,23.49573430090316,94.29050472582641,-3.1654936269447695,WARNING
366.86426635994746,26.508365613652156,45.21064031286393,9.276125883506097,NORMAL
298.66403601514116,28.476163703471485,75.74251569364162,-19.259081069416663,CRITICAL
387.7440521879388,30.731563800572406,55.30194528878522,-18.15176044122592,CRITICAL
277.62473063065505,37.90067717706874,77.73133231647401,-12.502948350893305,CRITICAL
261.15213004065504,33.81230624773273,71.48242492822709,-7.864414266252949,CRITICAL
311.81394636231084,24.336285518582166,76.82861910956348,9.120040833816116,WARNING
279.8715917922604,31.942332400310068,63.330178066028694,-6.599338347660053,CRITICAL
293.2050376217285,36.502697513228384,66.68905822809826,-3.6978244340520767,WARNING
301.80935517554536,23.636169313338996,44.72507135115513,1.4235742277474763,WARNING
283.3598278869355,33.80150708377595,61.47070453258246,-7.526755970310456,WARNING
329.7601743357712,27.354170162550865,45.53409874724245,-10.711045699914626,WARNING
362.83484131796956,33.31568802937742,55.74233689819969,-6.196921203269362,NORMAL
282.88602876202935,24.207441630596715,41.26758986236341,6.902396497232338,WARNING
285.82013306273404,24.550677538729268,55.37807879548225,-16.17775784913713,CRITICAL
358.6746901408317,21.502859063551732,47.38113344794927,-0.6572982022972127,NORMAL
307.7423054818453,34.15895653402378,70.65836095685782,-12.319364808154608,WARNING
360.64075158318576,22.325473605857614,69.50257106940167,-6.88555684864896,NORMAL
295.5385090789649,32.08009995479,87.92334757871554,9.9671409928923,WARNING
353.31967068638215,28.094117486583404,52.386390511891086,-12.287117318146647,WARNING
331.50734628546013,27.345554025614184,90.25979874437193,-8.951135970328714,WARNING
313.48558049472405,27.67069024867954,86.01411157022119,-0.4763503745929434,WARNING
354.40870455421174,26.682860447677243,84.98472972578418,-18.849084159328967,CRITICAL
398.03551929747925,30.25499799587859,61.903762917487704,-5.08498157846943,NORMAL
363.4606401907513,20.255308530357947,87.93535210520363,-6.597814240658215,NORMAL
308.3043083490133,22.764911312681143,64.17059558971431,-5.110316861468634,WARNING
318.61993806389125,33.573201876537944,63.14930908175743,8.8425273353972,WARNING
351.8771780300106,36.149558713038175,46.014574671021336,-8.081261211622829,WARNING
307.26410924601595,31.389647762731837,87.3612436033784,-17.6498534671398,CRITICAL
262.33771566760083,37.00635416315198,51.70675473210966,0.06259763349441272,CRITICAL
342.28928250133686,36.657871897744585,46.87989004100219,-16.106511028321663,CRITICAL
344.65912124731227,38.927573067167415,62.824876710391486,-10.191736992359152,WARNING
353.1371849436406,38.60897201090062,86.03103080645431,9.864508321996595,NORMAL
253.8366591444041,22.257162894255245,73.5207269851642,4.617293180015491,CRITICAL
298.4915381921503,24.784221760684375,83.28366896596606,-18.308544384403053,CRITICAL
312.7950500890395,30.116184451846593,70.81917708926778,1.8584547037833055,WARNING
310.3237729832119,32.253686893492144,72.1956482535026,-3.5715169803875852,WARNING
358.8821598341761,25.188983421361527,44.65568144715459,-16.421849838807695,CRITICAL
288.1790050511632,30.003958710455706,86.2243512800311,1.0388002626515238,WARNING
384.136902714348,27.019512478521825,62.25595579067026,-8.189543420281616,WARNING
282.61844134876526,21.22433316287144,72.50038510549747,9.676500502617582,WARNING
278.3610498415447,20.933696397985475,82.87424250031631,-12.422419799458275,CRITICAL
391.0394469099978,34.078733340690306,92.01204453779425,-7.73218292729984,WARNING
362.5348727066078,29.297095616265416,74.6823783519699,-6.51203281976788,NORMAL
282.0674818920927,30.157948320067618,69.07213107905933,4.318115447804832,WARNING
375.0385199849088,33.27583247882888,46.23629025539149,1.6184887199114506,NORMAL
335.0518765802675,37.881990722123184,90.59290137717986,-18.345302281946438,CRITICAL
389.5090652602614,20.75394780845341,60.19432941322624,-3.731000731367626,NORMAL
275.1771357666117,34.92627625138154,40.45950872946762,-14.942028546978895,CRITICAL
348.7354610750909,34.28775124074585,90.41537064816538,1.1648995580387158,NORMAL
364.2024759433272,27.886822927013284,40.070643403974074,-16.395222237931343,CRITICAL
340.87427260852667,33.502597716888395,62.95965561430543,1.9203703458517047,NORMAL
338.7165902064704,21.483523911886245,50.560893803237185,5.199946697318289,NORMAL
373.2351669261547,37.8952397402499,46.46564870165151,9.706676038452219,NORMAL
285.5991413714887,20.23559752573284,94.85826164794548,-11.567783436646605,WARNING
363.56330692713516,23.533646283526103,71.91256927095279,7.121049593636776,NORMAL
304.43079846283456,33.405079520887185,50.33469738391291,-1.256138038438241,WARNING
307.1965598089767,24.224165171759033,57.22501278869993,-14.634767944766018,WARNING
403.3257383324401,27.943737726342576,53.4903617735902,-6.547764769522013,NORMAL
304.49114835710424,34.888385076266516,93.41709515370219,-6.858990299070594,WARNING
396.37567799528085,31.31726147119239,48.64796158018284,0.7186822624402467,NORMAL
337.2838645113894,33.01213046504207,88.93280769144158,-6.786962880318617,NORMAL
403.20019594695043,35.0133802856331,66.87327092328917,-1.9033359302610897,NORMAL
305.34879252823197,39.671945994775484,76.70431396777178,-18.684594425101103,CRITICAL
305.5257239771615,32.46628867518115,43.09833027895819,-19.283474260425717,CRITICAL
326.5041207197264,26.6538035938534,64.10642344182412,-12.119200703599844,WARNING
278.00201698030673,33.78286713960675,68.30141139472903,-13.995373662518995,CRITICAL
304.3302024641997,31.836158153266517,43.97261415498628,-15.576409722014613,CRITICAL
262.4517526982563,36.24634665428238,81.38250782666051,2.5993879563777114,CRITICAL
371.77530839092475,33.38770847339738,66.23455534579962,-0.7316550947865501,NORMAL
256.5214643139557,32.42928845313569,82.78327380452825,-4.989249188468294,CRITICAL
310.7772658326303,25.548534696019583,75.35411275891454,0.7840359588972632,WARNING
398.0644919766322,26.846681649219814,82.3374769062072,-3.159325274319862,NORMAL
400.08220341527345,30.556242165912415,68.4696405618882,-2.6636875567727287,NORMAL
377.38361037421384,39.29380957656922,44.04598448186711,-18.396961928269484,CRITICAL
409.38355735924756,30.597512510364123,73.81966580118149,-5.527291952158134,NORMAL
265.92176694327065,35.36178756837333,81.09735547987228,-10.648900355215641,CRITICAL
302.06067168882805,36.75682761811037,43.97964917577296,6.433154450696975,WARNING
293.6324872823055,31.85969495510988,91.47967984509778,0.34367504609939203,WARNING
320.4530681193962,33.79068417810831,58.91887999740036,-11.682247509524416,WARNING
419.43615724889554,35.015804623595756,75.45959875599996,-9.341310703420437,WARNING
258.3573409563582,20.621137520703112,70.47996904968393,2.8609816311715335,CRITICAL
341.35446237545534,36.81570143878229,41.83845932012719,-8.997437707221797,WARNING
290.3019664996103,28.94545936314244,43.98070162567674,8.623949247132177,WARNING
287.95341818179133,38.4461555096717,63.4241235270175,9.56572399765654,WARNING
344.18992518823586,38.61665728351615,40.294194378182254,2.4471641854270025,NORMAL
403.5186110274276,22.79441133957908,45.28692184526833,-7.262821784421332,WARNING
408.72541404259897,30.847731203808774,69.01010550469528,-15.766216451020345,CRITICAL
250.1342168858472,36.20280181490922,44.8166009642431,-0.9845054379402818,CRITICAL
405.4847972675825,24.17303826316862,76.5900059930301,-17.639042698774716,CRITICAL
352.6383744523942,23.278634419064055,80.4774458283348,-10.963061156182754,WARNING
328.77647149678984,31.988610840552433,49.420037586643176,2.2491345585286275,WARNING
301.44885790825845,33.24743719825507,48.70556778846555,0.6435297761905083,WARNING
271.7919723777785,28.507129925399674,53.59633405563822,2.4512574828454774,CRITICAL
294.5459507661687,37.634346127907925,89.0501116273637,-14.106760543316424,WARNING
354.3538106513131,21.754352834399285,61.53454047808961,1.3996518850381676,NORMAL
362.10195196448575,32.49401338813216,55.5397475014344,-8.65925151696794,WARNING
267.50084459904866,34.38045640867202,67.71388382352004,1.2629689703696378,CRITICAL
292.32039921546834,26.488764572701324,58.38184354930631,-19.227727707583515,CRITICAL
307.978138381206,36.066091470360675,89.35141726623561,-4.453450530922176,WARNING
327.4352881872675,20.616492373987406,88.35623856719604,-19.609693597223817,CRITICAL
410.60751363573604,29.784324973761812,58.80639714660997,7.726553045279804,NORMAL
254.14646882871645,31.62849789738174,70.19128884746357,-13.420387963658538,CRITICAL
322.9108633295358,33.045280118875404,79.992215828506,-19.978494238802607,CRITICAL
409.26508311547263,23.29050744785625,52.84692388222976,-12.095796629184553,WARNING
256.429423213846,22.461042471806497,94.2492457619289,-10.543497878681418,CRITICAL
269.60118535763837,22.139825223492466,79.57029822184845,5.637059920979226,CRITICAL
293.6818909164399,20.4181902467047,52.269951014494566,-18.30452927609728,CRITICAL
267.57713922710707,28.630162396952848,52.64551039738979,-4.521623644237298,CRITICAL
293.09393805372235,38.81074602205895,89.82691823594455,-2.995816849686019,WARNING
310.2520786378557,27.622937640694712,62.65187557294733,1.8273796640483226,WARNING
326.7786292382024,37.134598930117946,91.92521322617006,-9.921615398631985,WARNING
345.3180618338656,21.90113073665129,51.02579762714974,-7.596026998695196,WARNING
285.0544617033024,37.531209815774346,48.705744083250394,-6.330175353407242,WARNING
352.96887087817885,33.83727816321689,61.068815334957876,6.072972061741854,NORMAL
346.61425568324734,28.790155608951036,43.69823487286202,-6.05931594664505,NORMAL
389.5250929386741,32.29082036442631,85.76893495510151,-5.179649882020831,NORMAL
270.1384898660619,20.27279691671762,56.677075069522516,0.9397141449337738,CRITICAL
384.34418367008794,25.915056692406587,67.26096564857859,-7.366432866977551,WARNING
319.78887333974274,24.62697426400301,47.500410776620214,-14.099343253063607,WARNING
259.40650581776885,23.96261483647154,40.50604936939587,-1.1822479809206534,CRITICAL
303.7838192559061,39.462894228538175,50.654437792696385,-9.625142890712183,WARNING
310.8329969690607,20.169029921249212,86.15643741717024,-19.04016619567026,CRITICAL
409.8305719039711,37.84148702187241,69.453705384728,-3.6921327526612373,NORMAL
361.14224690254656,27.74100023869774,75.59722558688205,-18.656948339345394,CRITICAL
259.18809664945354,29.144608392390886,70.22922656083192,6.634529210074572,CRITICAL
267.79230776434235,36.452958543877784,51.552603551063825,-8.177490544699044,CRITICAL
303.8224139206602,28.00310545730798,48.27725239399221,-4.892897767893352,WARNING
386.27924027133247,28.830680207577938,66.98374667440095,5.463027558439428,NORMAL
370.0298794884652,29.809088170395697,54.173260650404885,6.547802405349,NORMAL
348.0934682873949,24.422952202213867,54.80158639509057,4.0939926680873775,NORMAL
257.50474555486744,39.8418437405764,47.169342384313545,3.8820557619081235,CRITICAL
317.1118038511861,29.844323665749336,88.43578176055178,-7.612664312323602,WARNING
341.37393812444986,20.985993248183398,40.129111062709924,-12.656003809948224,WARNING
365.69912579619046,22.425297867182735,46.25690773425022,-7.671181758922902,WARNING
360.13229656339854,34.241439844958606,49.814787075410614,-17.612355578838727,CRITICAL
409.8674957707425,25.213327651242032,86.93405736847981,5.904743513884547,NORMAL
381.3288405996326,23.3766721330514,85.19908025898101,3.0775167772476024,NORMAL
351.4429083180569,26.744040703379056,54.43797323465992,-16.34332363758923,CRITICAL
336.6587013731481,31.70521751019693,59.76364447836829,-5.7392279695739425,NORMAL
311.79745775277536,32.820121146414024,89.56925642881097,-15.082392138591654,CRITICAL
314.83949768353096,22.817372079017225,74.37190737243077,1.866115284657873,WARNING
408.4251645415675,25.5774385252193,92.26161632259866,-18.102119845379757,CRITICAL
352.51235677197997,21.1426543868666,89.15758032690697,-4.105728287898376,NORMAL
363.78921962967536,36.63147851820905,48.26708423661828,-18.842253141855984,CRITICAL
399.4097948051849,26.29866454917865,47.09383993599409,-5.946162887387404,NORMAL
351.7120328683232,20.619412068450202,55.119261204139825,-19.01600377169312,CRITICAL
321.4570161632348,37.902000581324884,94.0458826321463,-0.8885733948911749,WARNING
277.4784079433806,38.11698779998612,68.39363027600332,-15.387520636912457,CRITICAL
406.6935338067824,35.14938101446206,80.24378999977333,1.2754211138321416,NORMAL
284.0577695863952,24.220133834150523,77.85611491349903,-13.408317496688094,WARNING
324.5741884565183,35.640036511878826,83.11738849538125,-6.402146824224211,WARNING
384.6722895067917,36.77243592396114,76.01266632063431,-13.147224430747395,WARNING
296.5820026655431,26.296823108174706,46.42422592536736,-11.805211388901647,WARNING
285.61826813313047,29.106574996172043,89.96406513297458,-16.86559049738126,CRITICAL
372.44554707105726,33.745660088262554,45.266480926484675,7.6771721471740015,NORMAL
346.64027436665936,27.274510422713686,81.60962209224186,-12.279036247950978,WARNING
367.8966722978745,20.794224151444944,86.16744206850996,-6.554874589360445,NORMAL
358.2377954408501,24.424756396133674,77.23905419621464,3.1672082767982985,NORMAL
330.4462417703478,32.354538481235885,65.09792581023191,6.822741077735365,NORMAL
334.63776068743425,36.83617418057638,84.07436320486367,-7.684855359549305,WARNING
289.11436361577074,28.12164265119542,85.4419556676371,-13.171023925418229,WARNING
339.1541787958174,36.121934959214954,59.44126113206083,-0.7337108899190774,NORMAL
291.75736758829845,22.185588907363197,83.69113238010709,-17.030941297738796,CRITICAL
296.13483716352937,37.102188439948804,59.0558107893267,9.191360485424834,WARNING
416.55483691155615,25.365520409071134,42.253802223743975,1.151898526161375,NORMAL
326.6677054502184,22.015056879191526,78.91375504379235,-19.064752726642364,CRITICAL
397.93343738368117,22.773050582266073,47.00215333106988,-14.729831060942464,WARNING
413.2452809436513,33.86338720507692,84.07543445050001,-8.07095042801741,WARNING
307.17316367584243,24.689680135663398,66.43564155718249,-3.445137993974946,WARNING
357.40172342096844,25.14237007997389,92.1759744496645,-14.907245053785925,WARNING
414.1610397102901,20.297122450150077,66.46191304992651,-9.998964856503116,WARNING
326.35098036814264,31.41329157961578,63.957403690698996,-7.554594490952152,WARNING
374.5629806202621,33.71752550172929,85.82992051197164,-12.501230562815133,WARNING
353.6198466581908,31.70389570785708,60.33557959799788,-5.418273742919572,NORMAL
303.3429643619739,22.836887952339705,51.7590665864503,-16.834590607963968,CRITICAL
366.12182778232113,33.21454786218303,92.283350436893,1.8903524094172397,NORMAL
258.84779258854235,37.68490347857909,87.44713396201492,-6.7003903768190405,CRITICAL
349.5967185897467,39.52156664945038,69.27674001164914,7.159654851282692,NORMAL
264.1165888277317,23.821037374173656,64.24152188927248,-2.45729574988086,CRITICAL
388.758734816676,39.76524230286374,61.3868323060764,-18.577530915797453,CRITICAL
386.1991555602052,32.08761438165617,50.91985723775109,-5.155146301357394,NORMAL
376.19274174073314,35.40823574137288,67.47901265993191,-10.843564096134227,WARNING
415.5362389465439,33.26725221912986,62.45306356404643,-11.586103273860427,WARNING
374.2875071106056,24.843668911875355,49.444049393552845,-4.104983331137891,NORMAL
299.2978567495041,32.5781028984723,46.48662711808284,-0.35176686298035165,WARNING
298.16040975960937,20.004858688690256,46.9814831720797,8.008461335052822,WARNING
397.4502886496108,24.672180640724736,82.81045475000201,-1.742852204780771,NORMAL
415.0538009464778,27.47211319068118,77.48033368844442,-18.09392832728244,CRITICAL
317.362048958789,39.27635322376361,69.64394809475664,-11.363614899954662,WARNING
270.44606373186315,34.07056680363061,75.46708238863496,-8.78183859188676,CRITICAL
411.6600298171918,20.444056259757005,56.70481183975042,7.632084588987443,NORMAL
304.55902451430484,25.045056677103407,69.3821225462186,4.714052497616137,WARNING
267.5349493493214,38.860414192914725,83.72900846496402,-14.562492333453442,CRITICAL
371.04135340368765,27.699174452751144,62.12620729419753,3.4987027731659914,NORMAL
413.6734173567245,22.533117456943877,63.13466302833507,-5.571751757470894,NORMAL
313.9730088823496,27.2637824743245,42.87477671588781,0.566158616878699,WARNING
324.1564509104077,23.895876052878535,84.88184262661376,4.076822444548839,WARNING
332.6865767751119,25.969013222955212,75.09509991880489,-11.355435926677908,WARNING
290.12134815503106,34.61029308052653,42.21788818465229,-17.156945868962183,CRITICAL
251.15398958401028,23.058863729508523,43.79445047907527,9.87407103339756,CRITICAL
299.09769489219525,22.985360253384947,53.25479418977549,8.083767146204039,WARNING
338.42723791414727,27.29636192615714,88.03653018500707,-8.150291883529025,WARNING
306.95145689280827,24.14565045099471,60.77882531501763,-10.499469319492219,WARNING
365.141673080684,25.791654093414543,71.74598605324088,-18.023235049040817,CRITICAL
282.5191566384074,28.148105432226977,91.53220896497825,-8.682440428529137,WARNING
362.8926006039718,25.101744448427965,46.98684667852775,-18.243901997598496,CRITICAL
301.92029475226775,23.15322053593816,49.57057464088683,2.8227792516085017,WARNING
252.6924720606286,31.15620251470869,60.87037593264056,-4.803500002743583,CRITICAL
345.6811403264825,26.267353889145564,56.23098731013569,2.002055480047172,NORMAL
398.1170879805967,23.851632649170558,45.36903182943319,6.933874191760779,NORMAL
309.4822288200578,31.026347813256283,59.77487294860019,-16.22592990961846,CRITICAL
350.1863796411138,30.502817035392592,51.16464575551585,-6.443928660431665,NORMAL
385.4810756826598,31.808522062157827,45.33045298868472,-3.559355083125947,NORMAL
369.4655108792298,35.85406811561503,74.60146682488468,-15.420255063776487,CRITICAL
370.7294553203273,33.54683692163033,41.34347856173483,-7.647569972292704,WARNING
306.60154198360345,33.388241285072866,51.88746967710064,-2.2738423107722454,WARNING
405.24501350840933,35.95604744417216,90.68017549190917,9.355179007980698,NORMAL
251.81392159104766,32.45482552754955,62.70616687673986,5.795634710053651,CRITICAL
292.8084993415524,39.62058978230152,73.7539383249061,3.80612206686493,WARNING
264.5519239798706,23.6691576951773,81.71220201688118,-19.340404338820292,CRITICAL
388.8692576019431,20.27898037383823,76.14153614837004,-9.047182393045825,WARNING
353.95412496226385,33.92062813978227,58.83613705524673,-16.761126556674935,CRITICAL
261.83979751720517,31.778720451250955,68.63604445537614,2.2660302736339766,CRITICAL
336.6550367006693,28.448915800617584,61.89479480299269,-19.206592922069976,CRITICAL
307.0447242884317,39.520403150489884,88.04555669248988,-10.11865798897347,WARNING
349.92521886128327,36.94593491070988,64.27008852125377,-19.461264087495472,CRITICAL
262.6667785091688,30.20785442697413,93.3191656621733,0.7962862665660317,CRITICAL
262.0557525445568,23.787217515837256,82.42277287692676,5.243192798687343,CRITICAL
355.0080796520605,32.888463392596336,41.55855977108615,4.855907787445254,NORMAL
384.00678538904106,25.180702882066942,78.97721959810289,-13.554361807250057,WARNING
256.8561273787572,24.022730851807545,49.82458822148647,-9.867560097954582,CRITICAL
321.1364145198279,30.170777829954158,66.22146315295805,-11.879761821041319,WARNING
254.95901365759266,32.10203244474302,61.765965641604495,-11.03983527837351,CRITICAL
397.37997728118705,34.93486615596319,87.17710516048433,-5.150516158626171,NORMAL
272.25831286155216,33.924428722425446,51.334057896544635,-6.763109927248497,CRITICAL
261.05013412131103,36.50616804845965,46.926735257612535,7.09292521147929,CRITICAL
396.9192023844647,29.291655288784924,80.94025123671949,-1.4166477854554032,NORMAL
386.52285919741666,28.63610201571824,83.21946663343925,-6.12629548804556,NORMAL
409.96418393327497,29.727442016502952,65.44405995635512,3.552155846905382,NORMAL
389.66820759934245,31.089782286423414,49.88887974222915,-5.967253071272614,NORMAL
414.5723254946453,35.059723860783706,84.61394321335227,-19.015235035422798,CRITICAL
329.53610864780717,32.93242267315111,85.65179759954411,-18.521790392516856,CRITICAL
394.9146105591184,30.968018734838232,50.852268381683295,-10.482343506509,WARNING
297.9280237977653,30.617180685769515,42.84271239511225,-15.243915245002295,CRITICAL
388.157817373883,22.652079814936222,52.836794820196985,-6.398881831875281,NORMAL
337.9105509792662,35.272209592283176,64.60328346664033,3.695938631066163,NORMAL
355.1188721977278,22.26199478847645,48.59822911160612,-6.888988236506876,NORMAL
317.47119682513676,34.87088539274589,71.94054268885435,-8.35600756993252,WARNING
279.02924818656555,24.536742046509904,71.65255601579824,-7.296835853006225,CRITICAL
337.53767650631426,23.413548706044672,76.45984387895112,5.57616222567901,NORMAL
293.8497161537731,29.83028451663653,93.6540030961496,-10.00274778347817,WARNING
351.1578786370394,21.803914004004888,73.33082513636938,-17.31104680086146,CRITICAL
413.07002400504973,34.31325304144623,83.34878834746385,1.1231308231491042,NORMAL
350.2539361329992,28.998255621710108,87.21053588685842,8.705070026291892,NORMAL
334.8361493936938,38.63070098310524,72.08331004936846,-3.8484743931070042,NORMAL
327.26206460241065,24.185755230602396,40.20458134499326,-12.754813194318162,WARNING
336.65293917260607,27.59919904519505,64.66668754014486,9.419446586921488,NORMAL
309.5463030137857,29.04365878720216,47.343355324405074,-18.56126802689037,CRITICAL
381.8196174807241,31.413663501439572,81.83876433241423,-15.504116033403452,CRITICAL
347.2108911010574,25.07284948682751,52.54339992950109,-19.65421957841044,CRITICAL
272.15792300674224,26.185362229993906,46.42833183250165,9.575753212328124,CRITICAL
302.4675502490716,22.606478934046564,50.94952720553768,-2.368903149755706,WARNING
260.887399057014,37.24868260282314,92.88248235804309,-12.597577379978574,CRITICAL
326.5161956604461,20.442689020589942,75.23906235999718,-7.582218258422333,WARNING
295.90993923726444,24.13674221233217,75.97126927123182,-7.513489069030566,WARNING
280.54207913508503,33.782181629736485,71.07897556701815,5.760161647884885,WARNING
269.9709028090038,35.71333203888912,77.04342327494925,-16.549671895157065,CRITICAL
368.1195240781925,28.830945777596607,91.97416320557137,-15.75165948146302,CRITICAL
359.28167643867545,27.639600909258917,92.62480688249828,-10.100753141291706,WARNING
413.57160461360604,38.02971702201498,54.871077942086096,4.10625330479283,NORMAL
419.252714306596,25.053260043425645,64.02274431278258,-4.394577902997209,NORMAL
300.1382930866569,20.305296792920593,52.10710843086397,-11.541893469747247,WARNING
325.4119492240918,23.422049568268037,88.028989618042,1.1473339819400827,WARNING
264.48408118514254,33.00184902279863,75.95110620230912,8.686635209308832,CRITICAL
250.5135481305474,24.958648996116146,91.02853136564235,7.96401746194849,CRITICAL
372.49969129300837,35.3152664209508,45.03156268613059,-4.583724956652992,NORMAL
289.3691085191299,23.624360872272344,84.5666814517833,-15.948855899583577,CRITICAL
329.6707782893855,38.771564791720664,50.220763056093844,9.339802712147037,WARNING
419.02895757938006,31.112343093648057,49.35785070974369,-10.51685336177313,WARNING
322.163781555011,26.186484487164456,55.434956893208366,9.166891276490727,WARNING
276.07202066067674,34.66655817433725,40.022565919154616,-2.114519917928696,CRITICAL
405.71031067218894,25.75868188186438,50.203928639174556,-0.44960615364719203,NORMAL
371.14223924072684,33.760610379039626,57.56242840117557,-12.433927935220073,WARNING
412.5061959935475,38.465990165398594,65.15241354410512,5.385815984631204,NORMAL
326.89499119783034,28.487780361450206,48.6219621179612,-7.207818305240815,WARNING
341.3608795619672,20.45008654857373,64.42621528464736,3.440686551856011,NORMAL
365.60782958362586,32.7031397772787,90.02554856404615,-19.4590397052431,CRITICAL
344.6980896526798,35.74697696819414,69.7734460485697,-10.283133422588625,WARNING
273.16259606563625,37.75126143632383,65.89193158131816,6.343455909571041,CRITICAL
349.5948608136386,33.483842332300014,84.23436349081476,-0.22533366199596827,NORMAL
317.6693229154194,30.272667678573022,84.16750385717339,-8.790491108810475,WARNING
315.9806476506445,21.913802321160023,90.30214393719612,-17.268910551636747,CRITICAL
360.1955601662545,28.263889576055952,62.30906646404933,0.38655509718051917,NORMAL
261.40593454707937,31.874115659028693,82.46174822847951,4.846382736597825,CRITICAL
278.9901661969418,37.948381001563476,76.08803505160932,6.455644024620483,CRITICAL
332.4977219087337,30.84066690194404,90.54710523657691,6.997286300640152,NORMAL
326.1873484727303,25.488252632713635,61.62437390103453,-8.367070144107508,WARNING
298.76736874707495,25.371592086659334,87.35846150638457,-17.90414237946015,CRITICAL
365.193900956931,23.456401029129047,58.947824136673475,-18.153708975954896,CRITICAL
295.89551826542856,35.36842142234484,88.67584285009923,-13.354185442928989,WARNING
328.8031326740167,29.406480958744126,88.04664181678538,2.8839715862741606,WARNING
337.2231271225685,33.414944009435466,86.60452796501517,-19.713831379233653,CRITICAL
318.49130527850826,38.14486334554157,80.71721669641732,-3.7147587699777596,WARNING
340.0395695959727,26.955401952088756,68.62862935028329,-0.338504016096401,NORMAL
321.1217165328948,34.28306292784348,87.36777249932122,-15.359454554454164,CRITICAL
326.76299387896216,28.160401825701623,77.81056422273505,-12.503976042262119,WARNING
358.842655541887,37.54978483462976,62.997237988649246,7.330470999376601,NORMAL
418.8378356186913,22.12184099895904,52.817925339167225,8.511392544462797,NORMAL
412.91570670183575,21.95414550773517,40.82491752074252,-15.166999302307332,CRITICAL
419.3221731749822,23.599992332213738,67.64011836971127,5.45253179291533,NORMAL
253.46827381699507,32.08977964516919,55.23639968782933,5.870047493191947,CRITICAL
298.18839537489345,33.73511440563818,77.08207978460683,-13.3551935342108,WARNING
255.91586397761952,28.184991475707946,55.90562335812283,4.2693324884112585,CRITICAL
386.06191203740866,29.14047904385251,73.35817239277705,-1.8722145203922445,NORMAL
390.61688523269595,28.50004828246395,55.149567388478,-12.048952455783576,WARNING
341.1526874779747,28.98296405464425,64.20664240417149,-17.265879827308783,CRITICAL
372.16263591733326,24.274733759638213,50.83244966147967,-7.617250391678196,WARNING
288.72231807502624,31.677165346160308,60.43048366339593,-6.532648322216296,WARNING
341.3187846726849,24.070710449636096,48.56633925760414,6.412657086208142,NORMAL
323.7330294813416,28.24187219265078,41.95866826500628,-5.0607109223782025,WARNING
344.20885267387,31.176817419093332,78.88671431275864,-14.675544950269646,WARNING
292.87793281920517,36.21460930460825,92.09438392638667,-15.92201757898038,CRITICAL
334.6004242658871,24.28352505479174,43.304024259524034,-10.234899856215938,WARNING
274.42689628131615,34.198661468684925,69.35489775192944,-15.684965870290673,CRITICAL
251.57107002893744,36.16314098048426,49.69069233903362,-1.813500733377019,CRITICAL
307.27672522304675,31.70971876630071,57.36094948402782,-17.391813179232376,CRITICAL
287.9015014548181,23.76117132958151,63.541064384180416,-0.2514864972152786,WARNING
294.84703274088076,20.241398706012358,68.54155503456163,-1.827215319230838,WARNING
413.68798398030765,31.789416061864937,65.91449076579781,-2.7979512230688854,NORMAL
407.74310707654456,36.567562912032926,57.763830335009445,-12.882369090285883,WARNING
294.6477141022325,30.088420794304263,80.92271981757179,-4.903423784511137,WARNING
261.5253872907791,34.47161400879962,84.32835707690246,-11.315064046408411,CRITICAL
362.9013756781696,28.531838021087868,88.90156456500935,5.356766744822195,NORMAL
339.3234397126392,33.83011091627189,88.58423355621572,-5.128489697651734,NORMAL
303.2526258830997,35.07332275819162,52.103644013158046,-8.344065559818738,WARNING
397.1736303081549,34.4884468053863,62.20960528861246,-13.557664927749277,WARNING
310.51462644148023,25.68208298454866,49.68491083691197,2.2999874069696986,WARNING
292.85188076452914,29.083349403355278,61.222269575986,9.462321359068923,WARNING
316.4856815051975,21.599649655935096,44.94041639146462,-2.2773883594080573,WARNING
351.89180379550515,28.375179809653098,63.75140307716163,-18.382022514773865,CRITICAL
337.8129067661746,30.094789507607032,48.22521252063195,-16.88481841667217,CRITICAL
271.00732340191337,22.02056492982517,73.53395075452178,-14.105520427912442,CRITICAL
292.74312587186876,23.471442883028793,92.68094174466768,5.63852389455506,WARNING
289.1841223497585,26.55132587844252,51.544106326774845,-5.243721216175288,WARNING
253.3337905206231,33.42736017793591,68.77369823997029,6.959167849033097,CRITICAL
277.9467563358304,36.082184921222634,83.55785579566937,-16.18456432349339,CRITICAL
317.7550681045017,23.403052822890338,54.009627525165186,-12.10261475508367,WARNING
344.56018698438135,28.22821863520931,92.12530422034679,-16.208895741589846,CRITICAL
415.5276629245338,24.612772804285278,82.50806650100192,-9.830902214815358,WARNING
274.32383722094335,37.157783704924796,56.987349458005475,-0.23433787319473254,CRITICAL
346.2954264647265,29.435126187817488,67.27007099566964,1.9671374227686265,NORMAL
264.9213954009849,33.3636132391581,89.26966557692182,-18.266354089404075,CRITICAL
273.91106766972337,34.33263873404063,64.05049065345396,-7.893541375589349,CRITICAL
273.28432787252007,30.135400814355762,46.959992115800745,-5.701386310683787,CRITICAL
379.81460082348167,25.165287157743272,66.443239249885,9.760479081905071,NORMAL
366.73057197018636,36.82713542610397,62.81661836083002,3.0358276937756585,NORMAL
256.88655940002474,22.4582236508449,51.16888261060342,-7.941442261543413,CRITICAL
393.77662931537975,26.92532101575861,76.00416564335046,1.2794288441045012,NORMAL
349.651000195018,27.144839363402724,71.73793379424494,-9.732032216307614,WARNING
264.2585355538421,39.856079563720286,46.9950349497881,-17.82954848491828,CRITICAL
399.3502273652165,26.036693217857902,75.76633357404292,-10.129828110133015,WARNING
316.5472260350601,25.24225944033593,58.86742031861556,-7.678987982403706,WARNING
372.4707317456983,30.230723884695834,91.89608694363373,-18.743588184836735,CRITICAL
335.52161484744477,31.684495776634364,90.61083423408508,-18.525244291357172,CRITICAL
347.49492943898673,37.07259857055914,53.30602504655801,6.288770455718122,NORMAL
253.23737957662962,34.6490925826746,91.32122716427591,-0.2840701507981329,CRITICAL
324.6349714766761,20.897620329454362,90.60625973274458,-5.8911133192527565,WARNING
254.92944653711118,33.796421426575236,66.5010489466942,-16.269640476727677,CRITICAL
286.42620758274415,21.289813609116926,71.58614468397155,-1.3391156224397243,WARNING
335.97619072042556,36.3420426600523,87.35548517194076,-1.5312680995061996,NORMAL
252.1686015502632,33.904593114954714,62.989956930619336,-3.0332755032083902,CRITICAL
360.34370234321034,27.004732286541536,90.44041778444868,-15.980753997506564,CRITICAL
364.1570072377764,20.087191599131607,90.85581079728495,-16.624876002857256,CRITICAL
266.1303191250877,26.660152661044883,60.546145732149434,-13.57099783031364,CRITICAL
349.47068235761117,28.85828196083927,41.879657397259805,-10.410438132340982,WARNING
387.773595307439,33.794030697237375,79.86789694689342,0.9435077225057071,NORMAL
302.86541363511566,21.993278441535516,54.98569512182028,4.95355900555478,WARNING
416.6800356231221,29.87694029483123,40.53351952076732,-15.798655635973128,CRITICAL
304.7536978037652,31.571706971858994,44.13015051929227,8.300718961296447,WARNING
312.0642244583481,38.25168435849646,82.9286991516362,2.663118175467435,WARNING
353.14232856297946,32.53567634103689,75.09017793689364,-1.1383583892325362,NORMAL
344.1337993377214,39.72828036965778,80.27598120841328,3.3083916517756364,NORMAL
398.31867856422457,24.312795254516985,44.60922875022834,-5.513166902042041,NORMAL
337.39371825527644,36.583635598998356,64.40809686052846,-2.874409233670619,NORMAL
339.6020595472879,20.764055675147823,73.83681931283027,4.841298573227569,NORMAL
276.77509317288667,31.886634678531916,72.6485799445528,-15.074451078309238,CRITICAL
270.98880753422515,39.601038859529694,61.654554330917065,-13.177348138294121,CRITICAL
279.12517255724373,33.3520342716647,73.51949135300033,-0.693436310377475,CRITICAL
264.96102467694686,37.870691669968735,61.40965182449766,-10.598917807089261,CRITICAL
328.60144603211563,27.801321314952567,87.49673517265302,7.8778292559367635,WARNING
301.58704679643307,37.2787161491991,82.98377212431869,7.924230170342852,WARNING
291.77755307160095,31.539183002419584,55.099952160724456,4.722834714531228,WARNING
250.90511239708093,31.29638325772792,58.656188719955495,-10.319488787665392,CRITICAL
359.6340750570359,37.02968898627988,73.50574652663295,5.595189359401676,NORMAL
294.9815090197751,30.390037095299622,64.77950964868919,-19.650653014907114,CRITICAL
344.65806433392584,33.230486482923496,72.55529224304885,2.088396963502646,NORMAL
347.1277198370231,21.335005097015138,46.40450382465913,-2.105762673681429,NORMAL
296.7464626355188,21.592902580695316,63.62815088967007,-3.3703220574903376,WARNING
305.8868180194331,34.40867404451556,75.40738344556846,-10.015449167249841,WARNING
378.3283299144553,32.97390085066071,75.0594958294846,-3.3971689763879596,NORMAL
251.93624357505396,33.930143669537784,60.68229851100361,8.278291304759666,CRITICAL
389.0574110831249,31.753889390626245,53.87000900005982,-13.888478201670003,WARNING
307.8654224051834,29.53135887160037,56.28360305214209,-4.552115138225517,WARNING
278.1129723372416,39.55425625651,45.93585052307466,7.958324189631163,CRITICAL
405.30826193845814,30.50720963638996,79.87006495098464,-6.918551060822365,NORMAL
357.1058781822145,26.811518748422372,56.563746088199494,-2.653106414914589,NORMAL
334.68204461127664,31.59072738299962,55.76633197078627,-8.991265045490142,WARNING
264.26265330691456,21.045527445444115,53.94014213201589,-17.772594220083626,CRITICAL
267.64170046790593,36.258568107878745,42.13805333591791,-0.2317161819577187,CRITICAL
296.3348172986181,37.43091361416253,66.67457565176247,-10.832706220165228,WARNING
337.9986190672039,27.639160380905377,71.03655855684066,-16.564013950209553,CRITICAL
419.4883854781337,28.51111755393435,59.15268518390528,1.3062954494879477,NORMAL
311.8628991042065,36.66548610057515,64.98488983982338,1.5867523979630462,WARNING
268.26704679512073,36.922383711102235,80.46448927279604,-13.64849664614103,CRITICAL
274.69862165678376,26.325846974512487,93.68388223175474,-12.295052762988242,CRITICAL
327.54162552092765,20.600404514346728,61.84751412614279,-2.8603995370069164,WARNING
412.0311841263541,30.334720898801287,85.05090293977283,-3.586170722932984,NORMAL
256.9334522840381,26.30016550379548,71.65522293071068,8.517818977933729,CRITICAL
396.05216115770963,24.567112283576954,52.106040651053995,-13.964810986582977,WARNING
406.82481237142554,37.05332306203441,82.61858877391218,-8.217946573273172,WARNING
335.74471973079034,29.286634895903056,53.9368959157655,-4.849158615536991,NORMAL
255.18441313496825,22.636207469949184,88.76242778929205,2.550393010942699,CRITICAL
321.8876295400448,30.343007245677544,60.34993872779876,2.2233960148201746,WARNING
383.31182046945355,35.26570380406318,79.74364486589474,-13.864869839216125,WARNING
307.4548964708814,29.3969086996735,58.19361452852106,2.64820600474987,WARNING
305.9900991224923,22.764641735706743,61.947224862656725,9.397432983471411,WARNING
288.3998401987079,32.24317317886458,63.813517741183844,-17.8692629705202,CRITICAL
332.9390230196701,34.04328657296625,68.22709867053004,6.16318191239743,NORMAL
299.11929283178904,21.724983426079298,91.51110864119033,-8.65410951415343,WARNING
347.9889437471177,35.840062522603915,57.83725151315693,1.4849361453283336,NORMAL
273.02120446903075,25.825874944110105,47.9590849875086,4.336916752040736,CRITICAL
287.8503699885535,34.34807110810421,91.8814118485109,-4.166833727933689,WARNING
341.80496268431693,29.220671361956242,57.923957886650356,-5.730349072252487,NORMAL
352.47728048534907,39.719831443413185,91.57705076250232,5.864588748793654,NORMAL
401.1521910698259,29.356983665840858,76.15943799476057,6.852001688086425,NORMAL
316.80163004853,39.235249566909374,62.868233413805065,-1.9675200382035314,WARNING
370.66680125630324,39.01184026151877,53.45389507287463,2.383929347159267,NORMAL
338.53864964449394,25.37114281241282,82.71337618880148,-3.4333315947846046,NORMAL
362.3655495104449,26.45802137155802,66.47006735051828,-1.479372470357987,NORMAL
318.8348384258735,23.967450796954026,92.89022707734172,-4.655973798721478,WARNING
374.76646294890907,28.220943871121165,59.5322470214144,-7.78507104598625,WARNING
319.5634294435605,30.883602318839074,69.89084284897497,-5.08538552351385,WARNING
272.9135834359645,29.92150957001062,49.30071452313583,-16.215926411127043,CRITICAL
408.5497719479985,32.099000262954085,76.27195319685214,-7.946189889999086,WARNING
404.5267516255269,32.75860979159331,82.30434282379731,-8.943125929168584,WARNING
413.20201973925134,36.4092258031663,86.9671654657999,-14.83417197722737,WARNING
296.0637453381073,25.71253199367154,54.90000727857792,5.662244863128638,WARNING
255.42041518546066,21.521999779615484,55.065317884644706,-14.003810760516691,CRITICAL
289.41613436008424,35.958863785066,70.97196266406257,-19.82688016121096,CRITICAL
322.9848701697132,28.157698537007178,46.2669898194499,0.2842536580437134,WARNING
369.3565220245135,34.41786438104195,80.06590200572256,-19.998415192031096,CRITICAL
412.1665366539428,36.28417534109326,89.71899331241069,-19.530701140776976,CRITICAL
408.75599528357566,36.19577057376209,86.04705286272842,-17.201378458340944,CRITICAL
375.59226491616164,39.19833379284182,77.32010377799884,-2.8831578612618074,NORMAL
410.7570452173295,28.858742434688722,72.96114614707633,-5.709851195169014,NORMAL
408.58385763125085,21.521694535310147,67.56158354539414,0.6085732415631497,NORMAL
384.6241115317803,31.660372948882728,89.99047592667998,8.25974340651615,NORMAL
260.9342679429092,28.047410790827488,41.290246194663496,-10.117500278766713,CRITICAL
341.2675970550024,38.21589861019898,86.56048773559715,-16.175008199840427,CRITICAL
265.8151637059523,31.78534677513334,69.26648848523305,-12.008670757099285,CRITICAL
402.907024374152,38.54732818923107,62.14362910870895,6.709076713405608,NORMAL
315.27131202470537,34.736336636594004,66.17682196512483,-16.32250530478451,CRITICAL
407.74881421029363,29.081931867550733,80.3967872177322,-8.984785567061236,WARNING
253.20974935795988,22.010607173836718,67.29207137194584,0.6989307137908725,CRITICAL
306.9050055184774,33.90976918355301,78.42495741875757,1.1180772198349267,WARNING
333.72871518348643,38.297723002430075,66.90580848893386,-6.4920441951008545,NORMAL
283.89473923180657,26.15310174712673,42.328397088506684,-0.9939411915148924,WARNING
292.2510764676058,26.083105089709303,82.39479869153766,-10.183364505156383,WARNING
291.17330164223415,23.381154982674115,82.61721212000757,-16.108812260299192,CRITICAL
327.1381392425601,30.13860232154389,77.80644519771431,-1.0014955300101356,WARNING
387.8225144006797,20.895028678524763,56.30423986286685,-11.595976436738608,WARNING
274.8228739506584,25.783565077128863,57.037092277859685,-4.343466142175652,CRITICAL
362.82976141746354,27.62201027223628,79.57086272223597,-9.9150398426126,WARNING
299.34822514350924,30.823761117140485,41.30439981681848,-17.60632629097999,CRITICAL
321.0548224097096,38.85825422783513,79.6831478913883,-17.356202914983268,CRITICAL
393.8740621727485,34.64601541216362,73.60205891364592,4.608788818275322,NORMAL
318.6986741163027,24.430021017077053,68.16128640098177,-3.534747332195785,WARNING
341.51548324168505,31.301475829602104,92.17877050315494,7.067368692886941,NORMAL
398.87189621501966,36.02833621817254,91.8885458995907,-17.045160749617903,CRITICAL
295.0709544457757,29.901118913091697,86.55939712178728,-4.845028654318025,WARNING
377.1659056880701,22.779198104978324,53.88275971371081,1.9532828511301723,NORMAL
278.00478151091306,27.027118693098537,54.56764417974643,-9.504149173325645,CRITICAL
370.415088343255,27.356943622856022,70.53948274343671,-17.00204368836771,CRITICAL
386.8530078498867,27.397772512962497,75.66937874683384,1.7616880498549783,NORMAL
285.6423567589891,37.693499699067,73.89233383838241,-7.1382457474555565,WARNING
280.9969812082973,38.84601875802413,81.52875122723938,-13.759263118002533,WARNING
307.41083170311816,36.193485161761465,78.26227147684364,2.9735287814717317,WARNING
325.0041873761985,34.32952525284334,61.25715475751525,-13.662112491854106,WARNING
357.5550959230312,39.52027851197589,57.08305342674313,-6.170912233623811,NORMAL
364.5802330818751,30.830125642449758,86.3885287639977,2.852281194085478,NORMAL
259.91052465660067,39.96842467847548,81.38213495457069,5.917099488823396,CRITICAL
360.7036110562089,37.125702560935245,46.18106362107902,-9.567864933220532,WARNING
398.99156041276376,24.033104225337844,44.30331542190125,3.6435681983565686,NORMAL
392.03264645936036,23.25304436379801,86.98902905304935,0.6030338679150873,NORMAL
338.41405614681923,36.6050038556277,63.05870871254312,-14.180181313298084,WARNING
298.42495502380433,30.103280365866297,69.22319359702466,4.167424793237011,WARNING
384.52996302089684,31.6273311440915,82.9432015851012,-14.24679625118987,WARNING
258.51096960586005,37.472676452694,44.15549715695233,-12.599347107680082,CRITICAL
368.20422143614536,28.188958752546185,88.19726834535298,-11.060606160131915,WARNING
252.01812893379108,26.01311281121488,71.79412770516575,-8.7218487379012,CRITICAL
340.9283684789884,37.53196237670038,90.18667798267026,-12.020778060376637,WARNING
328.5638804558831,30.982880304829024,92.20118512885358,9.95851957493154,WARNING
290.01923230305954,34.53959742691631,60.791708422825735,-19.756754093413605,CRITICAL
251.5729288141034,29.211320151245115,66.8584202152384,-19.32290910279672,CRITICAL
366.7776608516314,25.880067771899064,70.79412058447721,-10.972427805037437,WARNING
278.4128335277822,28.143474771977505,52.775035063477546,-3.955970692424959,CRITICAL
283.8008501487016,30.16811953289254,48.65581831778772,0.1292412845735491,WARNING
378.1694063550421,22.207884684998675,65.72913266205366,-17.87384898035379,CRITICAL
351.6910157421404,25.28808595859291,69.01934512612894,-4.476169718471265,NORMAL
407.1402388529461,30.981664451374456,72.06491638450737,-7.950406227068591,WARNING
411.34353254107884,35.54371818879219,55.69729096665628,5.326287573286962,NORMAL
323.5073812314653,36.57334287067188,85.25884375614261,-14.333894397114369,WARNING
369.19399233520807,25.812859386130622,56.36209684959675,-11.109557693582579,WARNING
373.3466020851912,24.596520835850722,40.049820938534964,1.4571056044789934,NORMAL
279.1014064519713,22.089647906156692,53.06338663267331,-8.60298433031888,CRITICAL
330.9040756704441,20.891400814252616,93.38153329450483,1.4818916025867424,NORMAL
304.94299110513714,26.373945145707946,64.66984021526527,-1.2126553171090109,WARNING
274.8834213201245,23.778596275299048,87.2689020558453,-12.312352283327822,CRITICAL
314.6331496557802,37.425437019002345,76.47313061699023,-9.74864361974935,WARNING
366.22892277318556,20.393664307628274,80.46034630062509,-5.389518784512816,NORMAL
388.2409650383584,39.09275304012937,90.91837022220126,7.277951303660224,NORMAL
337.0688925087608,27.20284228277876,65.576942860187,0.696880099400822,NORMAL
400.27962206810173,24.139726060002392,90.50062371539366,4.455406959096674,NORMAL
416.4055225802999,37.60503546563375,55.396553133054866,-16.821322659678568,CRITICAL
269.0809822385701,25.82446637156552,73.78010481914966,4.129609782915175,CRITICAL
402.87255218686596,32.47506768738465,40.309722201142954,-14.410496704443995,WARNING
266.95345465507256,27.2664895113802,67.57430464985603,-18.698084642643174,CRITICAL
309.2412558852614,23.583593492506452,75.58885914423806,-6.0718289202698,WARNING
334.2039999787645,28.553835760669223,92.58108407676119,-13.557946246353103,WARNING
337.83292417345865,34.720347367306715,70.62644272240094,7.870626571504033,NORMAL
314.2546204590183,29.27351611546356,44.86872733681006,-1.7300266684421466,WARNING
298.996034636178,23.20618079031138,69.94922110974795,-4.030692098602682,WARNING
262.8981790080881,33.96430906988945,74.3074704857969,-14.329481517605084,CRITICAL
329.80392656618744,34.4064583295712,69.11896572977021,-8.135327714492893,WARNING
304.7975378737604,32.20787733288107,91.65097840706323,0.15234521432450165,WARNING
262.70680361817364,29.213699469642677,88.99532723308451,-17.166127225967394,CRITICAL
418.10887106338237,38.98138787290843,44.305096440143174,8.002399613486649,NORMAL
311.7325403441086,36.89418334151725,63.01108357422993,-6.774346618924524,WARNING
357.82132546618226,35.48954838551967,41.858403302153675,-2.205320134185971,NORMAL
281.7446089965531,26.918990357264057,59.13827663853691,-5.928189793365391,WARNING
306.80319001894946,22.147222369013356,48.00958061889983,-18.99686043316707,CRITICAL
329.94234450588823,39.08895389705977,46.36213730064641,8.387934790092462,WARNING
374.67145750445593,32.74997605868326,75.49027654279595,4.801829451888462,NORMAL
268.17637694456965,30.095086471310836,78.34001260434172,-2.3953866477930887,CRITICAL
391.5724420739601,21.44543418022703,77.98855717245414,-3.9791680884584686,NORMAL
314.45734687659035,26.805499644680616,74.14579480258061,6.7298612393279456,WARNING
334.3499074371896,36.4944632815384,62.11860100141821,-16.928166116204704,CRITICAL
260.45597519796854,21.02668742647355,60.908257807671845,-9.882867474924739,CRITICAL
372.04929401583684,34.856430031697315,42.79696828585569,-13.366302113329551,WARNING
296.62451452701293,30.952239682856188,47.94833731488227,-15.98176341799999,CRITICAL
410.44411116535287,36.08405814595562,49.93601961501437,-7.802965762835271,WARNING
310.4557398737861,35.820081481308144,68.06171040629671,-16.16450789019599,CRITICAL
375.62865073656144,27.93775956449838,54.46083361976809,-8.735041339378395,WARNING
334.61861581317237,26.86231032834019,53.30481749254668,-8.04493913588059,WARNING
253.2593948274827,35.44995692192628,49.40196914621722,-18.682861591080883,CRITICAL
361.1287777938635,35.478722576473444,84.76060223760638,-5.194724520182001,NORMAL
284.9125913972975,34.744553544996535,78.48421924348855,-12.611877976904804,WARNING
403.5793184966748,22.08742916165658,94.04785317752291,5.807434329323939,NORMAL
366.9427697314428,38.77499776559666,79.72711425780392,-14.286290089098621,WARNING
325.166543479178,21.43006048663271,61.431158225846346,2.2480905921162595,WARNING
315.695369658239,26.605883509362684,72.74456473806715,6.166135869966851,WARNING
258.0891427328391,27.70940869399471,48.70324079983945,0.8606275219560899,CRITICAL
267.97317527329295,33.296155171604894,55.7399478938849,-14.03249558788326,CRITICAL
409.1799348302475,20.37049153491912,64.07774995392629,-19.351190226146187,CRITICAL
332.2108181777359,30.020947555888363,57.69143592671109,-16.03514667424929,CRITICAL
313.9858814148608,33.445258798651324,83.03176947544526,-4.077481928355731,WARNING
350.27184705475844,24.012327422493055,55.80316832752072,-15.143131698429247,CRITICAL
292.3802095007839,24.497735604510638,68.56968325151807,-3.119337326278117,WARNING
410.64106153965577,23.91141294203046,75.29216405888228,4.517778069625685,NORMAL
345.24104884311896,25.100073050021514,54.440262651100014,-18.822408407870004,CRITICAL
301.9255185132419,34.8920735800676,42.61347664639107,-13.42114152485508,WARNING
370.05952475040294,35.65303125645753,65.04251255340606,0.9422301543594642,NORMAL
315.9518686713316,23.19826490048255,61.89822214375986,-2.600965393905714,WARNING
411.16905791499136,21.375019041773548,67.90667516147283,-10.132406653678268,WARNING
336.41298802703807,20.479508947530633,57.21639450858697,4.596044425810149,NORMAL
344.17009475528835,29.01164985632235,55.70387894434368,-11.058724316259323,WARNING
315.12724371039934,36.71141419929121,93.19672637445476,-6.840338559488764,WARNING
316.8699825871195,36.93101551639725,63.4797926349967,-3.4394548311304654,WARNING
289.2600829817866,34.870050715581506,69.259357504893,4.271036507210251,WARNING
382.7245641048738,24.300095365400573,79.35995528067693,4.001632238541141,NORMAL
308.83823093300714,23.45218225804549,40.14476855687735,-6.472890407205554,WARNING
309.91356436160305,31.09819667650818,50.34226009238321,5.789966429994255,WARNING
293.81838665677867,24.528592101753,66.43927310663958,-5.034469287671772,WARNING
286.5644888934658,25.437214534518315,49.33378815353847,1.5538053496950042,WARNING
380.9151353131939,29.246569949185652,79.27478624767596,2.078061758123365,NORMAL
273.50683970522743,39.32356049669073,85.1567570903037,-13.865496164125295,CRITICAL
281.64805607683195,22.513222911591654,47.610820939805514,2.4448539708608834,WARNING
329.841223681776,35.65868345479734,81.04401918926129,-1.8616185948433532,WARNING
366.6823231183755,20.367114487582835,57.14777057427621,-0.865334622217695,NORMAL
251.5886420926615,20.65953887365187,86.85383903587108,0.5207458507621539,CRITICAL
295.11285463045846,33.75925680237418,83.58511680265948,-10.796171506696963,WARNING
256.1263541748619,38.65558249375469,58.98489110625968,-16.80554710145881,CRITICAL
333.61566813683504,35.369355913282675,52.190602303965754,-11.9152984959991,WARNING
291.2615477557591,39.83346105663357,50.85720535517984,-2.734393491016281,WARNING
407.2949890816839,22.937931377555586,93.39698088272351,8.424317031868739,NORMAL
400.3772377999046,24.291130426600045,74.87302808060409,2.8267441888372034,NORMAL
417.62474779339306,23.60847644162741,82.13142447356131,-9.83596490218661,WARNING
279.8564991465604,28.4275388242771,83.6609751681739,-6.054505888878435,CRITICAL
341.37892703451826,39.903188204002426,61.95101147565843,-1.5379773587228058,NORMAL
312.09151427461325,27.8557129265741,78.26024143949745,8.136609282846504,WARNING
342.2010215836946,35.367998578975595,44.90636073493301,-13.665258877042191,WARNING
335.3623789563205,20.400234472575494,53.907023831940734,-4.477961305251016,NORMAL
252.54340370357113,25.290925724520832,68.27169507117281,-2.805522560562629,CRITICAL
407.37778781940193,32.906912465012155,62.81046913914966,7.910535313992035,NORMAL
383.43010717592506,24.00017842225495,47.19632987418509,0.27434907228198924,NORMAL
345.1801381480873,35.793472275855116,80.63427775432775,-1.2436539842745482,NORMAL
417.68496917691164,30.671794602208173,46.22081660759459,4.848206944479649,NORMAL
292.81507159877054,35.54604296287837,92.64089028000282,0.9038654189302378,WARNING
351.3251273614662,29.20772351350081,60.042542629747174,-9.409857470844912,WARNING
358.1833599706304,35.02546233875492,77.31843882164279,-14.047696964193118,WARNING
333.97782062439353,35.83280144366126,66.16372430039809,-3.901301607935185,NORMAL
381.09312818903976,33.22530612530183,62.5139706485316,6.862381335826569,NORMAL
277.63640167279135,39.91032897180649,46.53689181619305,-19.551500866872832,CRITICAL
401.30321319529,24.899070167319124,80.13347950956964,4.330461247962081,NORMAL
396.02768647545986,39.83188471328333,56.17218405219995,1.3073002578177721,NORMAL
269.6179759077408,28.136185827136988,86.63844313219246,-8.97025861822675,CRITICAL
350.4862146910544,30.07546887449268,75.52733421116247,9.186831681630846,NORMAL
259.4750395052384,31.479230350032594,87.46658285876566,-5.558518647547174,CRITICAL
263.3496216100674,31.21078704833542,58.264063995310124,-15.351746439861923,CRITICAL
394.33586725819043,30.431990259822435,91.33020268084866,4.180495138092073,NORMAL
367.80520494152347,20.10051006730624,63.530290115103746,-14.075411550439032,WARNING
404.8356448783075,23.491679693527207,55.7333028412607,-4.494896967965026,NORMAL
294.77181522967345,24.197293545582426,72.95046288065139,-17.332114317349284,CRITICAL
259.88851898255723,27.444905903721427,79.63654499793242,-3.35579725178156,CRITICAL
321.8889996393524,31.315031284491646,60.099831655930046,8.084390062963386,WARNING
259.3338314548316,33.4678295805967,89.02054656552627,4.116541262057602,CRITICAL
281.28697591964595,25.918526979605765,79.43763662889076,-17.471883224577034,CRITICAL
388.0164889715393,34.378138892095805,80.12836570794384,-16.992758891972258,CRITICAL
372.01929261875927,33.5963625043994,85.70073699520178,-18.752121312305913,CRITICAL
253.92881363952466,27.460141997571213,48.183355611703405,-3.2484656728933423,CRITICAL
405.9493132561473,27.829594606680317,86.47227074999323,-19.992773764464005,CRITICAL
278.64748938806133,20.60847079308171,58.04809492832878,7.245687870895086,CRITICAL
266.4818610118279,32.128195534876006,64.83227665156943,8.154046370974374,CRITICAL
270.82825423130595,24.24055701004458,41.62480827363213,-6.9819425110587865,CRITICAL
297.2315929259912,37.39811867780642,73.27174472587653,-1.5772778607289482,WARNING
340.4248184698214,21.83700674458402,64.47602760489454,9.985155691255496,NORMAL
391.98897944382253,37.86918108334232,85.27744975855747,-16.90874919707052,CRITICAL
288.66620319101594,20.062433027128193,56.69305686829613,-16.741777929605224,CRITICAL
330.3748687012691,33.542549771478036,88.09779122709423,2.4765149527269443,NORMAL
409.55955128234586,21.077965807875778,40.66989094790978,-0.15985658491361932,NORMAL
299.1899097377819,25.07002032211546,58.198789823158684,-11.906118263229075,WARNING
336.9441890712698,28.80296894448265,68.18357032571609,0.1814083450130859,NORMAL
315.8121865250952,25.026153742843135,49.141029524481,-9.515776414021234,WARNING
376.10710079184923,35.134098202229396,76.67979626763156,-12.979154740793764,WARNING
349.97466179529863,31.41379323153696,66.63464089603491,-3.5006304084840743,NORMAL
333.6044075460236,31.309127321482165,79.35282750416208,-16.711154167896808,CRITICAL
377.43637786533407,22.717723002551885,43.66453991257061,9.282390586644027,NORMAL
412.68860070797507,21.208730898811282,64.37893928112291,-14.412651851006757,WARNING
332.5086325128511,36.60354485999174,92.28364761085896,-0.9724203964538773,NORMAL
310.1639634260089,32.06651131289197,57.16007183596477,7.29470922496181,WARNING
397.9680787279923,31.16463500559322,57.86394034591983,-11.19830973251065,WARNING
255.6810590998601,36.31641702050591,64.77107671714543,-10.246012147992067,CRITICAL
330.08876034961816,36.374759809093035,46.85378142391367,5.7296796472548195,NORMAL
402.5765019684202,38.934158300677765,61.86183958324453,-13.485787878869843,WARNING
313.5189391393387,26.658241924628065,49.6884651876573,-1.7819998969553623,WARNING
331.0261072864669,37.31401984648007,41.766026926513206,-0.6839621733462096,NORMAL
379.7013093469654,35.189731383766144,88.73406819025388,1.8710122848848236,NORMAL
407.7277104801084,26.65313199641783,67.67651792133486,-19.57761010151328,CRITICAL
251.1827898415595,24.8025324090304,45.54439584264969,-12.193658961927392,CRITICAL
280.0973600698276,20.570400496772965,90.01172805233271,-19.753306058333255,CRITICAL
375.1339645373045,23.04295773839033,90.172629209978,6.783878187696573,NORMAL
361.1631948827737,33.444682996012105,40.29365280833287,9.546146983408061,NORMAL
399.23154260788846,37.90212451460184,76.25844953779796,-9.656392140363904,WARNING
401.9202703453817,25.830338563023847,70.94913488382116,-17.00807082968353,CRITICAL
406.73245712256755,22.815409155424266,52.3693243151724,-3.255975256153551,NORMAL
379.89581003620685,32.38702611872598,52.76736520400859,-19.97170872417529,CRITICAL
378.7155986522647,39.704146518221876,84.54522161683497,-6.193801455301539,NORMAL
403.6404344378481,28.196953462367,68.87137463339072,-5.686106978129503,NORMAL
326.09605835313926,35.50381538587811,68.97228989982206,-10.498486339243518,WARNING
293.8868885019413,20.754946339348667,72.07573390356754,-13.101157537968973,WARNING
275.18276674278513,33.07659927655355,77.46650918018518,2.564646767729979,CRITICAL
335.6080723775606,37.88109210407773,91.49885143690253,4.221128193774682,NORMAL
358.0508919413918,26.074419071823772,94.06197068911217,-11.77591498424185,WARNING
284.4516767383733,28.843082275731653,43.12623138918136,9.354833940153725,WARNING
350.03370459079224,31.139041833283507,76.0687953944846,-5.0892905666838,NORMAL
255.45079790607207,32.24622577680793,79.38956323260368,-7.497528181278405,CRITICAL
378.7402472521028,24.540025986768413,52.17021250864012,-15.15749036937278,CRITICAL
313.2391091641575,36.94024070778167,85.53516341819854,-8.515273761094885,WARNING
350.1501851166402,34.41632632949831,53.26637260454126,-14.955767423157589,WARNING
415.2563188460929,32.351146264192366,93.97786470085151,-9.867320386033127,WARNING
369.51538899560234,24.452072730824753,54.36600942006521,-4.64293636191128,NORMAL
304.3350813363721,23.35243127681169,54.45843860941293,-18.92754816602406,CRITICAL
369.7520156511727,29.842333141717234,45.18336865224891,-14.849180206145263,WARNING
267.43087147914946,32.25185616551753,45.18156999868716,2.628469991056484,CRITICAL
253.4868562844665,24.98751575991784,88.9866671740549,1.5559395436673817,CRITICAL
262.4046165973669,36.42252208970359,67.11693168471126,5.4034908150648775,CRITICAL
352.12576165656685,33.636660640657176,94.64258582176394,-13.029933622279454,WARNING
356.07074770943603,29.206427801147967,42.16985741074803,-19.565880754914048,CRITICAL
270.26885822903597,32.98183481077096,71.19396983523657,-3.3971131650881787,CRITICAL
255.41564962980422,29.38605992720014,90.85425498133907,-8.072243920680602,CRITICAL
356.23681986403756,35.596373512462876,83.11589035280382,-4.421597528141859,NORMAL
395.8518307183972,27.827561867274937,88.8781268131639,-12.79318500813364,WARNING
297.6367891883971,21.062412483980022,83.75700100982556,-7.488342913018833,WARNING
288.94982436493785,24.635805552331593,89.57699676760782,5.017498013831105,WARNING
344.10025051072114,32.32221600831442,66.087906380266,-8.250003713635735,WARNING
405.6310698071163,22.51225407040604,63.01457343439254,-9.66314276036374,WARNING
334.6856224426952,29.1526374909035,68.53892424080948,-15.802430683190178,CRITICAL
337.2340552572571,24.848376277744215,50.13822419435052,-18.054973436414265,CRITICAL
379.65093498854395,28.5488384171312,74.46540258214671,1.8278002991423001,NORMAL
365.4838331033041,29.410014381793644,61.334419092345144,-8.721202710780089,WARNING
358.8082954781096,29.89588709883747,86.70227363936809,6.241059529801362,NORMAL
278.99526426110816,22.724673030914513,74.67205093197998,-10.963227558131617,CRITICAL
253.1570221900668,37.772853387259104,52.479542198409455,7.878419550574272,CRITICAL
371.9638566493031,35.25306979822969,51.08038226862382,-12.974167231495613,WARNING
338.6155181500912,23.441997052997245,56.79874309756677,-10.356125661565866,WARNING
277.1370886529699,24.103656667903216,83.37035131045411,-14.984124363581948,CRITICAL
254.8377566134668,32.58709885257877,93.67907156658475,-10.063585561306358,CRITICAL
270.1714695433629,31.407746507350616,89.84948161026054,3.5218533948543644,CRITICAL
355.8276976301617,26.301129932151987,69.8034095301921,-17.262654760872337,CRITICAL
365.4207221277139,34.50192037795301,93.07673926004554,-12.188079237647852,WARNING
253.13759123731384,30.912169288543012,78.87347774182479,3.712224276489639,CRITICAL
282.9356186142178,25.23505738074047,68.1925008897013,-10.081975700899944,WARNING
396.28695271986567,29.475203074774406,83.97682542561017,-2.581407185529386,NORMAL
381.42532407490904,26.653459730606478,85.72791420616711,-11.762830533469353,WARNING
342.83679736055944,24.280142263477487,66.15395868944063,-10.454743714738905,WARNING
295.3395832083264,39.33970036056075,48.80407580177018,3.6197751237218583,WARNING
417.30804311214655,20.398029674801556,78.44650777231521,-12.412645833311387,WARNING
256.88293013581176,28.057791579132616,91.43697955939813,-19.64704716899007,CRITICAL
349.94056762806287,30.027929571906487,88.03612904040762,-17.479948564381232,CRITICAL
365.85942508073055,33.602193968665546,76.79940092742558,8.270034848051107,NORMAL
389.9248799311697,20.83945452487012,65.90955678874822,-8.061408313959996,WARNING
302.72502758543635,29.026734503081947,61.130680170928756,-7.029983003640041,WARNING
416.4745171534692,21.772659494991615,90.72269784113014,-5.592898595869199,NORMAL
356.036181734922,36.60365933235388,59.82546660320905,-7.087342757360993,WARNING
319.6181416473814,27.494620450715196,90.90411269057923,4.867896735790364,WARNING
268.52999827670595,22.16246704954192,63.53282331691452,-17.04027869801573,CRITICAL
355.2458261960903,22.87383214523468,68.73052951817405,-19.783401589888467,CRITICAL
303.82137923014994,33.54381447345311,66.62214171253166,9.348084579969644,WARNING
398.5976453312559,27.181415580863025,42.50175978097511,5.368789003450566,NORMAL
404.90983275349413,36.412547868380734,47.037246750587066,9.937454032368631,NORMAL
293.95931766397155,34.4840982561674,89.94191819846469,-12.929386570078716,WARNING
404.40395429510124,26.189631583897338,93.70272723112308,-11.562199388585762,WARNING
412.084090208832,21.0708930178535,79.00996064183971,-4.03666598488989,NORMAL
331.2391031108642,24.4698862851168,78.80776843770705,-14.275715256610788,WARNING
343.9831053174106,25.064907260805015,92.55917588797459,-19.141064184930414,CRITICAL
283.9538076189102,24.846212127748956,62.7737304172299,-13.018092743898393,WARNING
333.5293453456935,37.44931046517078,79.16348817750439,-2.6011405839466697,NORMAL
265.13054025705554,33.87984216778551,49.152785637101694,3.5910215788509383,CRITICAL
292.50964894672603,28.34097456641802,59.27586112748604,5.764417440245705,WARNING
271.5125579812794,31.31289764769577,47.813388519368424,1.1438750839656002,CRITICAL
403.8632817250618,28.69215307734507,66.84507431457368,7.822685094482868,NORMAL
338.5685360703907,29.75196876099122,71.80810064873673,0.6768920908885576,NORMAL
268.1701737647953,36.42221055483032,63.95277650992926,-17.829544703075435,CRITICAL
383.65105376369627,27.538999433725444,45.52021223022797,-0.9866288137024846,NORMAL
399.6223300837191,37.75507018827973,92.67149111449353,6.0311637930006405,NORMAL
250.36395628873078,27.604823328267805,85.01984189480267,-9.012409820045773,CRITICAL
352.26324608455,32.12633894749064,60.07639172213527,7.1342178184386285,NORMAL
335.54881871564,29.295684118750017,94.86325601140427,-5.1949890778215,NORMAL
280.3277028278588,30.26138845726876,84.77092045359615,3.3058098069484423,WARNING
384.05890006844004,34.16047567995824,53.98198059866785,5.862522575206942,NORMAL
401.88538911396506,23.88305393237098,47.17506001032667,9.268149057673362,NORMAL
397.61507382056254,37.86472294419893,88.75070115434173,-3.7493952789881497,NORMAL
359.88829523318594,30.907257042672832,42.8163492054681,2.3650925605831787,NORMAL
335.90644566709966,32.9541814958046,67.64518927365444,-5.245660330326322,NORMAL
279.2041486112204,25.574274302822978,48.73689805691757,-14.130011131239726,CRITICAL
415.4061546714519,23.06226891544397,54.809873336786424,-2.282310267842451,NORMAL
353.7303579602291,23.07948259487658,83.65445841818668,3.556086037384752,NORMAL
290.34400971466147,25.77332605350921,91.58933260027234,4.7701433793843435,WARNING
368.62549562062907,21.64466443021201,63.004524449641664,-3.220943837695188,NORMAL
281.8599189572421,28.96453164216449,73.05642326187794,-10.178699596538024,WARNING
382.76061922158283,36.80899163277611,57.7985208188739,5.159714634773714,NORMAL
267.6080162375126,36.754581972453124,48.40127374171891,-17.512185424708218,CRITICAL
359.1018187549719,29.438747315105886,89.9339830227058,-9.104324117274524,WARNING
298.81588478439687,30.014698122883967,65.07704021727638,-9.667158613484352,WARNING
367.93602077871583,35.191236678278166,86.9141182966575,9.185698141310287,NORMAL
295.3315526625258,34.32186964979923,61.68420295226599,0.3124591585332439,WARNING
330.9168873593675,39.87546205535863,80.08961746849124,8.574739013029735,NORMAL
391.94482341180156,38.05802022326742,84.79305584680712,-6.225226088722659,NORMAL
292.80403706897033,27.406403509010445,41.11299279519727,-4.280204976059984,WARNING
335.8598260459695,30.505009296609764,93.57171737346351,7.343620103645179,NORMAL
277.49117231611837,27.377650431117786,63.31758987047941,-9.184012464450568,CRITICAL
385.7443138126652,30.48075339735174,71.46548993343939,5.590406769637767,NORMAL
387.00778608061097,22.644230456405992,79.26530212459988,-6.936916132938935,NORMAL
300.0903135206251,21.00037641804373,66.7987258189998,-9.336899578264058,WARNING
292.7572167449881,33.893434591939155,82.32169630235728,-12.656314429117256,WARNING
258.40606423548905,36.9750540113047,40.547785766236686,8.11337481764416,CRITICAL
356.69537857706,26.436932704026404,53.55628502672049,-19.72983007206574,CRITICAL
290.0301408918491,22.754566030342822,73.66914213977302,-15.003632342185961,CRITICAL
339.8670723812253,31.802328446889415,56.392293409080295,-18.948051529438438,CRITICAL
256.33315970441333,20.526946643878354,80.65185669251005,-10.459708855571057,CRITICAL
385.37103161450284,28.634656476856982,64.91489554564801,-4.6135219247127885,NORMAL
371.21534758376765,25.470057316594144,46.687304224343976,-3.3182799442561546,NORMAL
305.58619595126567,28.849826273360748,75.58206895855179,-5.176227765761881,WARNING
355.4473989071433,30.884000042272557,80.68880045648545,1.1780985313485992,NORMAL
340.81228160746525,33.57806041719414,88.0457781249937,-7.031861366354942,WARNING
320.1697223672949,35.2849124170476,72.04046103730967,-17.86979659332234,CRITICAL
401.65904266748385,20.615662044752803,81.16179959153587,2.763824281129388,NORMAL
412.0288844979282,21.082688168046417,72.827127343147,-7.164782881188412,WARNING
306.2076023261221,21.80637120598146,70.945976581922,-5.62877822976159,WARNING
267.7742578856741,32.249790141941666,80.58742161391162,3.0183490316094463,CRITICAL
403.91344200461265,28.189414837775544,92.41900227421753,5.9628821524805815,NORMAL
300.4052670740696,23.18566074698917,63.94641678704074,-7.943038761321002,WARNING
347.87228190630475,31.66772464655496,81.24928414089864,-4.703301553831695,NORMAL
267.81984895993014,37.165826711062124,57.03705207518529,9.13892380919776,CRITICAL
270.03621847556093,39.16502344465006,45.005649378538436,-13.068915861588216,CRITICAL
257.9185901547121,34.1022629327799,86.76643051144855,-6.977867545520587,CRITICAL
407.84875275721305,31.805981435111992,74.65039244955878,5.3625760510230975,NORMAL
300.4560348588126,27.085314426552515,89.82735555570544,7.028904881162916,WARNING
416.00207195414805,38.03676632883342,47.00546198183485,4.711728584109622,NORMAL
319.672541278631,39.816027118918754,65.97545303808405,-3.384917524933382,WARNING
340.0617355936557,26.434740597165558,44.1262148891105,6.869536912057555,NORMAL
386.45488812946877,22.790535611193384,82.722254924254,-1.2246000184816985,NORMAL
319.5544439459958,25.080422981911255,87.28508309262278,1.00564777882159,WARNING
343.1157846097533,32.19137067796928,45.008640014519955,-5.782407172664243,NORMAL
282.9290497735693,24.16767358017651,76.37171792577766,7.337684555028645,WARNING
318.6386237813189,24.154985460243807,75.68108154801598,6.135611390509531,WARNING
377.21419619082343,37.375144610731745,69.51050690559396,2.556287331075726,NORMAL
273.8109750910192,26.96549230726383,61.425204046483735,-4.661127612618962,CRITICAL
407.94298124366003,37.48593120444349,47.39890207590515,-14.816310443526104,WARNING
310.79889343011496,25.814877317813476,73.81240242359442,7.083281432936346,WARNING
413.5895620843397,33.07205905070453,86.09875607705976,-4.243933993076087,NORMAL
285.41558096620673,30.493768241869546,70.5295430790708,2.273726926406699,WARNING
287.38010825024935,27.366207641734633,60.021510806801146,8.783187872234947,WARNING
325.4706432555422,35.10187934596293,81.29462597559414,-12.033674455902759,WARNING
347.2178471931945,37.886057866372965,66.13587457013222,8.353525220276381,NORMAL
286.4578989851075,21.483182115480616,89.02996302296121,5.4304359388664984,WARNING
418.74027890875357,33.58786976224852,91.51783596669321,4.8084707525233235,NORMAL
393.55247663041473,31.382831409085366,61.030052885419096,8.036742176298453,NORMAL
323.4599198547021,30.77638734499338,64.53628689188533,-3.055450581194087,WARNING
329.9858634286956,20.959351171589518,88.51265023042342,-6.668185432526906,WARNING
350.1204202462493,22.783756055159742,40.18633163904515,-12.641297190690711,WARNING
369.7796254626695,21.98389060225757,89.98880922125574,-13.549322919314463,WARNING
284.78091442960186,23.63015923242991,40.76899421342506,3.1541640543470386,WARNING
398.7558703116939,32.283254052323976,50.35099899239243,-11.441660091773608,WARNING
330.9075385520438,39.086919032466014,53.60432544997585,1.9493771175966401,NORMAL
324.70619795979644,25.956946967200437,65.07537653621625,-17.863798473763023,CRITICAL
385.7768530581616,24.866038559659344,79.89766677561337,-17.94954885655416,CRITICAL
412.3667545481666,23.86029970811397,88.55081419138943,4.284196288463033,NORMAL
414.5361870938407,29.557813218914994,80.00685116152734,-8.878680288866478,WARNING
281.34260046334794,28.861518658668977,49.11619584636502,9.461338683591517,WARNING
266.3619034939218,31.784234469052407,74.45551203897307,-3.857613713778374,CRITICAL
362.5716005710117,22.323615500237818,70.52601883129101,-11.383622866179154,WARNING
409.82993076117964,35.241433068794514,93.48829651878584,-18.873317907794313,CRITICAL
298.4726397807205,23.90845173276698,40.61350230215068,-12.730228092610357,WARNING
365.3919171984729,24.621778442691372,67.995189501544,6.634543448949959,NORMAL
367.9388464593428,27.89258139812064,60.48579164016596,-6.327925579745457,NORMAL
280.0970449801841,32.68001534831976,60.02840505075331,5.570960477861309,WARNING
378.61395220982877,32.2102632818432,60.03112224572338,-13.702045049795469,WARNING
381.94581689795586,29.72818197982173,52.361252099754665,-14.144761548799814,WARNING
278.11815376523106,35.5432239241119,52.59429519151715,-4.200732094244074,CRITICAL
326.7628813654196,31.59221798456568,88.24351952041567,6.03242170245192,WARNING
326.6829322102261,20.307325014694467,63.45440931428668,-1.8141938772757875,WARNING
344.8200090466705,33.02672211600411,48.47416528601959,-0.603947036578024,NORMAL
281.0507751864413,35.010479613934976,58.649818729447404,1.296863001443608,WARNING
258.1371518140382,28.157200511818267,78.7768987244833,-13.193884510055176,CRITICAL
385.19879761552784,32.61559466209864,72.31589746823892,-9.393534373869887,WARNING
332.01674996479,31.946986019557063,65.98541626531897,0.949399718216803,NORMAL
323.7284786281831,24.04546363484061,51.7663580540576,-19.825886934711768,CRITICAL
301.16281164497434,34.978352809570396,83.67894898606852,-13.9259737371275,WARNING
413.0374794681393,30.048055869602535,90.43383119601765,1.2029584558489326,NORMAL
372.8136819138102,21.70087242612142,52.09951197933118,-19.73555500116582,CRITICAL
371.7416988810454,26.8887657685702,83.26588838419907,-9.831913401889212,WARNING
389.2867378908064,22.61396507496626,49.535523621662946,-9.773703812481905,WARNING
319.44285610998645,26.974056216859566,82.0005867887771,-17.091458221198558,CRITICAL
309.70689333854295,36.74479999030919,43.67383924941946,8.270305230140725,WARNING
417.6738631862422,21.7713634765016,56.019988724065534,-8.827980018939316,WARNING
381.98653267096347,31.918536242334675,75.4401135270912,2.7252946845551804,NORMAL
270.05642990429436,36.664189138205245,78.80908922990793,-2.679748244108893,CRITICAL
401.25500691311964,34.00612707767614,51.0934979447064,-7.107638567729998,WARNING
333.98728737907464,21.10435253500811,92.50506323480306,-16.142682176093647,CRITICAL
368.5684154285436,30.124620721817603,41.40977374364324,7.742424275930851,NORMAL
394.8122574992186,30.485158558076712,52.59182848766949,-16.35131327959717,CRITICAL
311.77672150346154,25.10856562092181,67.86801605534643,8.99227888370287,WARNING
347.74209384903907,37.79862111780196,75.79833606226775,-5.742604202383987,NORMAL
395.28328566467314,29.42736220345995,87.77454937806985,-11.25269691272704,WARNING
271.898222539708,37.10628928725877,72.30783400859667,6.672771947468803,CRITICAL
409.4306251887051,21.07256780742898,67.55331160223776,-8.751063527764122,WARNING
356.3959275019199,35.87182394404647,55.43246187859029,-3.2960484688048517,NORMAL
370.4838585838329,22.68862165671468,84.77367982731968,-1.8167120044108067,NORMAL
411.4213643093208,26.790578382613866,45.94802682854593,-4.80496396889224,NORMAL
264.5878311906046,39.390530466480136,42.12767270414553,2.6051170332192406,CRITICAL
339.2674076841815,27.372413049965772,43.62131904797601,-1.334992274791766,NORMAL
349.48745599646236,25.617665461351997,90.06219357756717,-10.876699779714894,WARNING
326.45331980065805,30.875249118373112,45.51275329969573,7.964851576408972,WARNING
313.671145916677,21.61558427748687,61.301014552143144,-1.9939235872225787,WARNING
337.32095420962605,33.890839480745484,43.05161681373509,-11.463781691838316,WARNING
389.2691980628174,21.597873755827216,87.05172750827766,-17.24311723768681,CRITICAL
391.8572165315884,27.215768021574533,73.67149847914686,-15.413386530560054,CRITICAL
261.2486826932807,24.3187640804027,47.03195998497826,-10.627823069611047,CRITICAL
337.44515190687343,31.775189271300192,83.44274590588586,-0.3128032025492402,NORMAL
353.488915272024,28.23564054971549,66.05946392280762,-7.564375118294567,WARNING
393.1682251104352,24.600009050967998,40.31465123480805,-0.460403083212821,NORMAL
284.41857121860136,37.80230272619619,87.24754813386608,-17.698178842153823,CRITICAL
268.0860289203931,29.903431844933326,73.5072464523145,-11.752749875532778,CRITICAL
371.855611838893,31.89832041837743,57.86532603617051,-19.238855358730532,CRITICAL
377.525547820748,24.295073316501654,85.89605589044456,-7.391292198372344,WARNING
348.1031652474001,37.45897460818004,87.49926505059744,-8.854412742692801,WARNING
285.51111176152335,35.50292155457189,63.819411198117216,-14.238740193229876,WARNING
403.7523081939155,23.962083884821748,41.41939425051771,-19.3916007869774,CRITICAL
355.7936105972249,33.23350121435061,57.107293778134114,-10.399670322588099,WARNING
307.7139655601903,33.60317093517757,43.197358506475574,7.8734905807397695,WARNING
287.82857751016587,39.99346410484185,49.43374815829529,3.146393719371325,WARNING
287.98013263803625,21.61693603286508,88.12133283928569,5.762537775726756,WARNING
318.6069667164322,34.04792285080853,70.63862629761545,5.5886834102124645,WARNING
303.55951478417126,30.473447999979705,66.69548041625028,-9.382825212294238,WARNING
401.5473609745833,23.317558493250708,48.22297517363829,-2.6927139403174607,NORMAL
361.77401909744015,23.892385086491302,61.48945932400433,8.396915289362312,NORMAL
291.9249618574146,33.36721404234788,80.70821665336749,-6.556139016045213,WARNING
409.3794177491291,34.733134704375814,65.18585189234938,-2.9199439467171793,NORMAL
367.7442853822671,31.843803608584366,88.32836711043417,-9.293340131587964,WARNING
300.9805758094868,24.276777789905285,42.078063243552734,-18.70958106859834,CRITICAL
397.9093828285781,33.567862928118146,76.32928284900674,-1.5607154319534189,NORMAL
394.3672545979978,29.60533851331255,87.87259557070652,-9.216649214532826,WARNING
407.5402757376454,33.9731396016248,54.1447424813435,-3.0774523493412467,NORMAL
340.6151954530035,22.75797643460668,72.51835981628378,-10.556431288491261,WARNING
258.8992903576324,38.9731231541313,75.28197029853584,6.3075679561254105,CRITICAL
364.92952085225306,27.13967384280226,68.19784397808462,0.27240281041531134,NORMAL
413.24289528424436,25.073389182433928,88.12373822432647,7.722334158828083,NORMAL
363.9706374920226,38.625332548026755,61.88332231125527,8.590485281213283,NORMAL
369.47308911821574,20.840115348376237,89.8780057500479,-5.465815729004223,NORMAL
328.2555874122316,31.329332119592685,48.216150072417534,-5.925018542978041,WARNING
391.29162684201674,20.309649182750306,55.010443817840425,-19.926362406684675,CRITICAL
320.67092255547425,34.56631020987469,83.93245060130457,8.355692833810199,WARNING
353.4457842050337,25.09253733305791,90.82813720251843,3.2594726164112835,NORMAL
347.65284211053455,33.91280431437872,90.8373995254086,1.37182085418765,NORMAL
312.6236662894048,34.26056404578193,42.21529895044633,-8.407533145082564,WARNING
319.0749154137485,23.336764688416693,41.26970143034736,-15.998562900867714,CRITICAL
361.2856542854994,36.04577632727375,94.35119209998358,-9.609094906745172,WARNING
351.8944677843873,38.74289933630244,49.18729797359839,1.5293675902822805,NORMAL
378.3463846353577,21.779510717386767,87.36871618506858,4.393151413325317,NORMAL
255.67851111816387,21.82168829760103,42.70197916405188,-9.957694046019133,CRITICAL
336.57912841558743,30.646954559092578,54.721671787319345,7.347906596808226,NORMAL
312.6046742782252,20.91100311930705,56.512491134776255,-4.066717323675334,WARNING
319.39770983999944,25.476850381985184,47.22277873703746,4.5749350028868925,WARNING
419.3446911611126,26.59084267047764,60.98915742971322,-1.4588742596912887,NORMAL
372.13505070504203,27.840590696071825,89.77112343399983,-3.1998803231324473,NORMAL
326.5663129890083,32.9334550631981,92.40421165370452,3.8365688326511638,WARNING
256.80223219097115,26.646198214799192,65.87995767231725,-10.564472833726843,CRITICAL
369.0318853411776,36.525382997251626,80.22398023518994,9.679998604848258,NORMAL
296.33310014181495,37.49978990048843,82.16424658459674,-9.134637273255617,WARNING
374.80117242168467,22.08151912836494,83.41334152873037,-4.0300819223869215,NORMAL
299.689329360573,33.11554603568361,75.28909992929249,-13.715413318412008,WARNING
255.16756051795943,28.672451738033477,71.32315281394317,6.2981583511179515,CRITICAL
407.79685526009104,30.57610436313533,81.45919160726997,-6.820901830160093,NORMAL
376.8339666173918,24.09603049878334,60.40856041419423,-0.9731600355915546,NORMAL
253.0868541532034,34.44922620677908,85.95445256974918,-8.025750167181457,CRITICAL
326.15021092011796,37.02564424433062,82.66100494293184,-11.35551532899875,WARNING
305.0759381154616,33.57756464781193,70.97589508464887,-15.133112867105092,CRITICAL
302.6880845689583,37.99966553757308,77.84959401972449,9.579229530565584,WARNING
380.3921300967308,38.8394886428718,51.89037156287615,3.1445462445077723,NORMAL
253.43697842512557,33.41520043423068,65.81052529661328,-9.597197842397941,CRITICAL
396.6087398898252,37.085353853150615,41.2265937694254,-1.714846326517069,NORMAL
312.5314781345626,28.313220030008985,85.76224065703268,-10.704806854169652,WARNING
410.3182978083954,23.592676527442816,76.44973328524978,0.16315201041294003,NORMAL
292.8731774427461,26.495012179344037,85.91391709189672,2.854157648648574,WARNING
305.94629965350913,30.679130938698677,43.39241629392025,-13.737623528041123,WARNING
332.58949500626784,21.719474705584233,86.38327951905656,1.5401863032294365,NORMAL
410.4177240102441,33.86933811928054,91.72207547442021,-3.3646233292710477,NORMAL
352.03716388053476,39.53942109252522,75.31710307753431,-19.0764029341776,CRITICAL
373.04647202718894,38.10937384274831,83.75691373868796,-2.485001821237322,NORMAL
364.12159722589774,39.803835785033435,44.98641486801361,0.017344858997184076,NORMAL
298.17760807700097,32.8018079317234,73.41929667361663,-15.396295036755138,CRITICAL
285.14692977584065,32.43259156086427,47.05264710170758,-12.044573746090315,WARNING
391.9917431154604,26.54183012003277,66.84330859483146,8.234210054375207,NORMAL
288.61534510228086,27.792520347160206,73.35517765489502,2.660167885119165,WARNING
403.28107574115984,38.3094597514703,82.71520409049427,-13.150074902200686,WARNING
254.21758610723617,27.675478607112474,47.78518680433028,1.3116294231489434,CRITICAL
362.39219976037185,20.879432832429096,86.01265785220231,-12.537702011264532,WARNING
323.47860283347717,33.35867470911485,63.61803327687393,-6.761365916001697,WARNING
261.1567592070759,28.028870985200076,82.06663412709909,7.455290115597933,CRITICAL
320.2945133007732,28.471716537581578,78.64449084780087,8.283160033158296,WARNING
295.40035984069124,28.802884130758738,83.77852839537655,-1.709192918778843,WARNING
268.7996784738723,32.55465471124531,50.271045652852976,-4.693521977647876,CRITICAL
339.94755550227455,37.5240672444997,65.4371850706841,-11.616727332923173,WARNING
289.2642791967254,37.48503753368672,49.40559699300256,-7.223943173505688,WARNING
281.81942953758096,35.46608080228751,66.09049519860405,-9.465689283295639,WARNING
311.3869389064994,37.04428413445959,70.4575674861941,1.536035533937909,WARNING
402.4965477626164,38.03483352081284,58.067997988582476,8.57353789439156,NORMAL
254.22889994248294,27.536711220323312,89.26893716298629,-11.760893605490512,CRITICAL
296.4238465546241,26.052445701637772,73.67723616658071,-6.8500167315693865,WARNING
373.5449221800682,37.898212851293316,77.08096562185733,-13.865998394072735,WARNING
408.5559234012854,25.28985746694957,48.244186243048695,-17.300981634171173,CRITICAL
345.77523591324814,22.275249249613037,47.63267362619469,-10.9990855821351,WARNING
297.88101164635884,32.08479020664285,84.92099037099749,2.840489686086773,WARNING
294.62235730180106,24.906209959719597,93.11853415588322,-19.752912752241198,CRITICAL
399.55249062023665,23.9945703824481,92.10063776993724,-9.730781455174409,WARNING
324.8598015618529,34.14241227888762,72.32179783102931,-10.461820108795315,WARNING
344.15125569753,34.614137687257724,42.328422024637064,-19.664020842328878,CRITICAL
327.8713796423915,22.636732356070283,76.53893603055928,-13.578426313176974,WARNING
323.5846881552641,23.95341873748538,70.16659721620185,-16.518396218462932,CRITICAL
253.92816497387165,21.022632762133945,92.48421428334206,-15.731413441671926,CRITICAL
370.441303033262,21.358524084456526,45.94881937293502,-4.73371245771996,NORMAL
329.0280581262384,39.03160618879739,91.96594991614054,3.3882592762739527,WARNING
352.35731112164945,29.09920634786022,59.58981938806316,8.412626409266661,NORMAL
352.4944979421965,31.58145055371989,52.75456169729031,-18.599065463446607,CRITICAL
410.68205855912254,26.27470517689308,64.34239628284523,-16.560801692428797,CRITICAL
392.27713608457964,20.55263665711861,85.86949191545031,-15.791449616360996,CRITICAL
400.7158991472959,34.59545274672315,49.05686443790178,-3.0254602142159577,NORMAL
303.1515734403873,23.56466197823167,87.25502096761096,-7.894317004783119,WARNING
317.75243144211504,23.3977334961324,61.06861218471783,6.148505389865505,WARNING
311.7318807832381,39.03207124999576,92.04698945646132,-15.65304022077962,CRITICAL
280.14291309884965,37.25348140663778,61.60185054085956,-19.86878053150972,CRITICAL
296.55820934991306,31.952579863911197,83.95962812779824,-15.998341487202214,CRITICAL
268.792031950845,38.44185307144663,81.31316023024205,-2.3066119766576456,CRITICAL
380.76175429930777,28.577087226132768,81.71506610200197,-8.845910261763928,WARNING
291.4960773237424,34.58026842585937,63.08197606864976,9.441313129785847,WARNING
309.41248099237714,38.43454841062132,91.31294017118938,-12.744411588057616,WARNING
385.69760086996223,28.661490102891303,90.46385999766915,-6.496271820942836,NORMAL
376.53163194735225,29.33934818327596,52.52904156420709,-14.019496131659412,WARNING
322.3233030235788,35.1098931402843,73.27893168494217,0.6588786970162985,WARNING
297.99547962443023,29.62870691915211,42.44173957331299,4.525972478743618,WARNING
418.28166758077873,28.13758125249342,40.603000922234884,-14.90622081347158,WARNING
360.9295692175712,32.241586364077186,83.33255957720492,-12.383479671167954,WARNING
379.8174256430128,33.759680430473395,57.754797374261386,-3.6353555582911383,NORMAL
275.03654744471555,29.05129006871165,88.46585367556025,-7.364258605238277,CRITICAL
392.72634010082174,31.805067305193887,50.55321922062962,-2.566812659063107,NORMAL
336.0171659567008,27.97282670392768,46.579674173383864,-7.498740084583105,WARNING
262.3696039607366,21.975381027975025,62.87540931129938,-10.83855554094609,CRITICAL
407.342535396578,27.51411610760541,81.68219671396551,-4.092574209012717,NORMAL
369.694563669197,25.202319660307985,91.80477350610809,-4.097345092567281,NORMAL
391.3250921184924,27.30091386952227,45.51162419777885,0.2113494316254645,NORMAL
251.31914021736216,29.505859531310165,50.60410464665526,-1.1787348669391342,CRITICAL
416.50137843343487,29.28805812641292,84.96240410891167,-4.766474391466369,NORMAL
334.2928052876841,38.60846986357556,88.94812278106748,3.5740139556392307,NORMAL
300.3634780638533,30.90016831447881,52.314347831812675,-6.682499058603806,WARNING
332.3162211791644,36.632800803386615,89.28156009287463,-7.5613981281056635,WARNING
253.00975566245032,37.23547679578709,49.58532731757484,-1.3435410832881942,CRITICAL
254.2450530738023,27.990129505211286,94.22781661634424,-16.979191966885907,CRITICAL
322.0278358399392,26.142999003799044,89.77984678635454,6.080203237220655,WARNING
290.4087892520589,21.623755741008623,74.49261167336147,-9.908938643488707,WARNING
364.2543464030307,20.64239512135629,47.33695793476192,0.5911669831792992,NORMAL
286.1030114014246,37.15175351524803,43.222498824057446,-13.53554051643276,WARNING
419.7552422424617,28.66152205173585,78.66311149495539,-14.52010853428959,WARNING
353.6776849475414,34.522121367388365,57.29621497265808,4.866913359276335,NORMAL
352.5809883402882,27.782460192300604,70.67033163387373,-2.697174576922272,NORMAL
278.1409997579572,28.054647397339323,58.888682341072126,-7.972918322626217,CRITICAL
379.3888000424938,29.65076814933345,91.71738842815954,-11.189707599246914,WARNING
320.66960830843794,35.73913620958083,70.03135263264127,-3.5891556072665693,WARNING
259.0678277108812,27.971993254369117,54.89035528319529,9.98005368493346,CRITICAL
302.42036200749277,37.689930695877266,77.19285542722626,-9.772507724237286,WARNING
342.400844323601,36.81071759898387,88.58525639170016,-15.188183749815643,CRITICAL
307.72743400538883,26.70446360427143,42.312463784176956,-2.0528672044431033,WARNING
395.319409008672,27.631487756510356,80.70197697412974,-1.1689875919778032,NORMAL
313.86028503381016,22.82119598984594,79.01281190267821,5.636955068237214,WARNING
366.59526370825364,20.35756968069636,51.89280919150452,-17.915600453494044,CRITICAL
346.96563692795854,35.12955357680825,46.08185528877627,5.150134617801559,NORMAL
344.4365263272322,33.7993802428345,93.42710167347553,-17.489570352569082,CRITICAL
403.20808390622415,22.522053919748185,61.61273436501752,5.543160889933432,NORMAL
404.0632202454376,30.127433470902908,72.67575510514838,1.244420037956715,NORMAL
391.5689736369614,22.430223390753323,84.55381195260752,-5.561715484651497,NORMAL
326.60598226838874,28.477995039939966,68.00663718853234,8.351516601838107,WARNING
343.19464137466576,39.06355076526279,49.91595718386023,1.7240793649789943,NORMAL
388.08072156348703,33.58257662669724,73.38072541245973,-3.055616567414532,NORMAL
396.35818203837835,36.43293194329,46.725879664932975,5.457629710926344,NORMAL
320.39166530487523,25.073936599916216,87.83727124076592,-7.039256010987751,WARNING
387.42199733005884,25.26807223911689,40.21611267822198,-5.136224212911669,NORMAL
267.0388036292903,35.08751911049819,55.18413248381757,-6.690630601895638,CRITICAL
264.7957060655642,25.733184968945054,82.98196337922147,-15.452362642930417,CRITICAL
360.01712539158274,38.348517056090024,77.39102178667461,4.330650678766805,NORMAL
268.5251769816657,25.014636520041087,89.1996368732325,1.4531684085426768,CRITICAL
358.7241504841429,33.275334722433996,62.781030486755384,-18.663301051470402,CRITICAL
383.35506215202395,33.57426472430708,66.00424552619987,6.992788461047724,NORMAL
307.1471430474668,25.88643488462472,88.00379787936936,3.9096296427695627,WARNING
337.5465678102186,22.614694789157,51.82893093057788,-0.3131602877358013,NORMAL
315.45701043287,36.72946383331943,92.24752551327123,4.169107758247549,WARNING
314.1827219092447,35.77372858462848,59.329292040887594,-14.986997367030984,WARNING
255.67684482719577,27.7143342552204,89.69576170335051,-12.830402367329706,CRITICAL
285.10723803806326,39.39641570482081,41.375226206782564,3.573464511812631,WARNING
304.632892475948,20.749759137393188,90.4791397115271,-15.810730093712491,CRITICAL
343.8024782333682,25.481084148590956,43.58560412015801,-18.502325430098626,CRITICAL
269.6446388021776,21.4273402777876,81.83069635359575,-5.4330139314971255,CRITICAL
308.29165552932653,28.367378202640143,91.09207045649428,7.322554382144418,WARNING
371.6650016208381,37.69364754843376,57.580641517319364,-8.566720219751515,WARNING
354.3310709152188,32.47251894594528,66.49349109067876,-7.980264546861402,WARNING
417.65065297347815,36.42247252235449,63.92391088384248,1.818774317187053,NORMAL
295.8254878529181,22.0033865247466,59.38370640540073,-7.910815996298174,WARNING
252.81131117531405,36.29584003271792,59.75563713140498,-2.5874550265955882,CRITICAL
262.57374183606254,23.49993657501168,88.9331548930158,-1.7393741635159756,CRITICAL
411.54828852898254,39.97500068782634,60.45230634332019,-11.035908077501762,WARNING
395.9205293770465,39.972228540749086,74.63026788278515,3.85422167534567,NORMAL
382.89679599859664,27.10679416439094,71.5848709141398,4.991708237926407,NORMAL
366.97935896437946,20.423276279640767,58.51881178936434,-15.66572910216184,CRITICAL
289.60527605326666,38.109789549826516,42.02913089009225,-13.405978641142287,WARNING
302.62678988049936,32.337681439327895,69.3755929547226,-13.451915514398417,WARNING
277.9209814279363,24.735960691922376,67.63912946859105,-11.864666428663897,CRITICAL
411.09242527331276,29.27730442857695,43.23378090995504,1.8779921750990027,NORMAL
305.90369899552826,33.06977864116495,55.37769037877776,-2.8776877480004046,WARNING
381.265925817269,38.56017483549108,54.36199294381924,-9.954291470030565,WARNING
328.92529144860976,38.543496754719776,89.57627712458614,-17.30365159698086,CRITICAL
272.4280703781478,29.910183546612764,45.864060004298295,-9.632573799539076,CRITICAL
275.2255142969712,32.72080710263772,92.2222487456539,9.902013108831444,CRITICAL
313.79099252447554,31.980252742292244,87.09472094382447,-16.47613781610848,CRITICAL
367.22594987883406,28.176873234501365,51.33803881540902,-7.917391437576741,WARNING
262.9132487840359,33.90814297178611,53.900846781164915,-10.65783064865366,CRITICAL
270.5838207010487,37.29318227779783,67.13943536055062,-2.8355936664079913,CRITICAL
346.8035561261253,28.209862290826834,50.58914534909767,2.353982454952,NORMAL
271.59956511080463,22.07747580557621,79.05797706780768,-13.734889386440486,CRITICAL
302.1513677299815,29.504549340034806,64.71432242012504,1.2573737519499772,WARNING
355.9834048853714,32.88792324563731,79.27298818605016,-11.22161817729604,WARNING
304.7966630060805,28.759954957911084,56.91041951684393,9.548136069125903,WARNING
388.38882749164304,23.29309376512059,40.30767857350283,-18.716501952581964,CRITICAL
291.4907866772973,22.28582571673713,69.33359631909147,5.739856681820758,WARNING
375.24753755524864,24.312181261643808,61.961459081418226,-4.763173714061672,NORMAL
387.73499441556703,36.78243206212329,90.03450715492768,-4.722642484913745,NORMAL
368.0267068940967,22.236007424678743,71.09089279746901,-12.539245715865945,WARNING
323.3918704545239,32.681010166134385,54.13422658195796,-18.434448266097167,CRITICAL
251.73975558948877,20.44319071089043,40.45923556325733,-16.689348303263735,CRITICAL
290.71308147692207,24.424430283645982,94.27381267989432,-10.819816843731703,WARNING
271.66153317109786,30.91125088335516,87.18766004686296,0.341811303630255,CRITICAL
300.3339551530265,31.2323231958291,79.3170785810225,1.8431347710322683,WARNING
363.3115374006071,37.416208495512365,87.85580020892574,-2.631903217789901,NORMAL
323.0755827489061,32.831405911302,85.00166007537547,-19.830436854764457,CRITICAL
418.6394915325247,23.657875446583986,65.8636942112987,6.160892045286001,NORMAL
288.2568678375139,29.535904478007666,47.29201990996486,-8.147710238354222,WARNING
280.11302731481044,27.27255497542314,60.540531923599715,9.795123687949982,WARNING
419.11821498164124,22.29572557321225,79.9282828630591,-18.447635609926966,CRITICAL
255.13264260732205,22.106677884899288,93.10171113543637,8.225906436840923,CRITICAL
282.96772944771567,23.23344671107423,53.22942975837709,-4.533590177745735,WARNING
346.84978744601966,24.431868608788946,81.61425334494699,-10.713404917920478,WARNING
406.76232533999973,33.13445412913461,63.999315686698644,3.6973600510853615,NORMAL
389.04548642793304,25.809632112178875,58.684299910984635,8.078654611858102,NORMAL
278.0059765217562,20.843008339258684,64.97304274352521,4.0362970073088675,CRITICAL
381.1835780728268,38.39061257825665,69.32603654029721,-16.998059853004,CRITICAL
350.0771256371227,35.56791228706423,45.13304661484045,-14.820277967072307,WARNING
252.08941239646404,31.873051588936207,88.77039155702474,0.11989948006298334,CRITICAL
416.94681489046695,21.26067304999523,89.66505968333229,4.422048621600421,NORMAL
303.4210584849158,39.47053103674504,55.83657614942783,6.679141714846555,WARNING
399.7272581026122,35.15315233205945,70.99087605970685,-16.399917511493356,CRITICAL
340.4351948644047,27.135925113098693,83.57193682354435,2.743876194905347,NORMAL
404.80412625334293,20.296603248634156,84.50067692526753,8.153861593740064,NORMAL
384.18107634838555,22.603889197407334,44.47035076624883,-19.374642805768975,CRITICAL
356.88668839077206,32.59345303719775,94.28025428200168,-8.058704776877128,WARNING
306.4240684325745,32.488498543687854,85.40847698791767,8.103218485690057,WARNING
386.53110825043655,28.533479612316093,74.92028294216354,5.688979801483509,NORMAL
333.4036470129957,24.333732874107852,49.334789186133015,-19.9952676626583,CRITICAL
372.1004591468183,22.22194417691981,53.41115048327672,-11.0637100543162,WARNING
345.26457622325063,27.959145545915383,77.1070695612739,-18.330840220138917,CRITICAL
271.0696630249547,29.984230070665333,58.53306333157564,-11.125599117459208,CRITICAL
261.39477343637884,37.91438349496003,78.0500222368778,-16.351455295410517,CRITICAL
261.0578128153139,39.497450668624865,77.46449027417276,-7.476317867187754,CRITICAL
369.29427692848344,35.12663572960318,82.89792113138287,-5.663680830408271,NORMAL
323.0800688812242,20.22056168537801,90.96064133280109,-1.9007636483317079,WARNING
284.5361693222946,38.39206838842873,90.3212545973663,9.675524930982878,WARNING
398.5896157336264,39.955687756401296,53.45774034677999,5.267487555977024,NORMAL
389.91481249528,24.618807184414674,45.41406519505449,9.38261541032799,NORMAL
300.3241737585038,37.41783580935612,40.22699350710322,-19.369255783411933,CRITICAL
329.19812247838263,24.77429367870127,77.94127058897803,-3.0330702329613715,WARNING
263.17258556658356,23.25256592631434,61.34270985321278,-14.431878081337004,CRITICAL
384.6777990314679,28.3214047110656,45.13875267633746,-5.469712931836256,NORMAL
265.4424907804404,22.578746108396345,53.17854076155129,5.785831157424692,CRITICAL
407.18413049660523,36.52515458664138,58.3742469579816,-11.82660676673505,WARNING
343.35646743434063,34.437063210662245,94.6355033488096,-16.052878643632212,CRITICAL
258.37963983404677,33.887117779905424,85.7724180927148,5.390463395992697,CRITICAL
365.3388033431173,39.080316082383746,68.10526199495229,7.414443950086376,NORMAL
414.5280632885589,36.943149140062154,57.036720979224135,-14.113530464891141,WARNING
343.1804110469091,29.06029500760377,88.2767088206003,-16.999049867985388,CRITICAL
293.8158104229582,35.03597889037417,45.22426547375217,-10.377067579348994,WARNING
315.8164169891771,32.451875931253795,48.697295514565056,5.818134710491286,WARNING
326.0821800292666,38.340434237611134,65.73284524986624,-11.748792231778,WARNING
274.11090087690474,20.074901894225697,69.26866167416595,-16.785299092192297,CRITICAL
316.5937198173003,31.785435224741732,55.16272432964851,-14.743271229016543,WARNING
381.70267584358805,38.93582344563241,45.52422298240813,-15.332290268449764,CRITICAL
413.2021517329622,20.755684436244927,93.76977851027597,-19.860665507450335,CRITICAL
398.5236714607263,26.14650361975499,91.6223871997513,-10.491641340932436,WARNING
